Date/Statios,Ananea,Arapa,Azangaro,Cabanillas,Capachica,Chuquibambilla,Cojata,Crucero,CruceroAlto,Desaguadero,Huancane,HuarayaMoho,Ilave,Juli,Lampa,Mazocruz,Pampahuta,Pizacoma,Progreso,Puno,Putina,Santa Rosa
1/1964,,116.000,84.500,46.000,114.200,98.400,92.300,96.000,102.900,,68.000,88.800,69.000,,43.000,48.200,40.900,7.000,158.000,,67.500,
2/1964,124.400,83.500,57.000,94.300,182.200,78.700,356.200,77.200,102.800,,82.000,212.300,,,123.400,118.400,126.200,109.300,66.500,95.000,71.000,
3/1964,,151.000,104.500,139.700,363.800,169.000,235.300,135.100,,,,229.500,101.500,,127.600,107.600,152.000,82.600,218.000,112.900,111.000,
4/1964,,54.500,65.000,41.000,108.400,70.600,41.300,35.100,,,27.000,42.600,36.000,,42.000,10.600,35.200,12.100,17.700,54.100,72.500,
5/1964,56.000,9.000,13.500,13.000,67.600,19.500,31.000,0.000,,,22.600,54.700,16.000,,16.500,20.200,29.000,11.200,16.400,11.800,17.500,
6/1964,7.300,0.000,0.000,0.000,0.000,0.000,0.400,0.000,,,0.000,0.000,0.000,,0.000,0.000,0.000,0.000,0.000,0.000,0.000,
7/1964,0.000,0.000,0.000,0.000,0.000,0.000,7.500,0.000,,,0.000,0.000,0.000,,0.000,0.000,0.000,0.000,0.000,0.000,0.000,
8/1964,0.000,4.700,0.500,0.000,4.000,0.000,3.400,0.000,,16.700,2.200,3.300,8.500,,0.000,2.000,4.500,25.500,0.500,6.600,1.000,
9/1964,32.400,53.500,39.000,1.500,38.400,30.500,37.000,16.200,24.900,,16.000,21.400,39.500,,15.900,12.000,6.100,,31.900,22.200,16.000,
10/1964,48.600,28.500,32.000,27.400,,52.000,69.800,21.300,,,13.500,,13.500,,20.900,2.600,8.200,0.000,40.800,7.800,47.000,
11/1964,58.400,50.500,51.000,29.000,103.400,139.100,61.700,37.600,24.900,,81.400,53.000,75.500,,63.500,25.600,45.700,0.000,55.700,50.200,80.000,
12/1964,70.900,40.000,68.800,77.100,117.800,124.000,47.700,109.400,,59.200,27.500,101.400,4.400,,50.100,69.200,72.000,52.500,60.800,48.200,92.500,
1/1965,141.600,121.000,100.000,157.600,213.300,235.900,226.000,135.600,,,173.500,281.700,10.600,,154.800,94.800,124.100,42.200,150.400,100.700,194.500,
2/1965,77.500,60.400,82.000,105.500,187.800,132.100,194.200,117.400,132.600,,108.500,109.200,21.800,,97.500,74.600,163.100,56.200,130.500,174.800,93.500,
3/1965,82.900,142.600,133.000,88.200,248.200,195.600,246.700,79.400,99.200,53.800,100.000,103.500,21.700,84.000,99.100,35.600,123.100,63.400,116.000,61.200,161.000,
4/1965,41.200,40.000,27.500,74.400,113.800,46.700,65.700,30.100,35.700,15.100,23.800,40.800,6.400,8.000,31.000,34.200,43.400,1.000,50.700,30.700,39.500,
5/1965,0.000,2.000,0.500,5.000,,0.000,,1.500,1.800,0.400,3.500,4.200,0.800,3.400,0.000,0.000,5.400,0.000,2.800,0.800,0.000,
6/1965,0.000,0.000,0.000,0.000,0.000,0.000,,0.000,0.000,0.000,0.000,0.800,0.000,0.000,0.000,0.000,0.500,0.000,0.000,0.000,0.000,
7/1965,3.200,3.000,0.000,0.000,5.000,0.200,0.000,0.000,4.700,,5.500,2.700,0.000,4.000,0.000,0.000,4.900,0.000,0.000,0.600,0.000,
8/1965,13.000,0.500,2.500,0.000,0.000,1.000,7.400,1.100,0.000,1.200,2.000,0.700,0.000,0.000,0.000,5.600,0.000,3.200,0.000,7.100,0.500,
9/1965,35.900,18.000,18.500,12.200,,4.100,,22.900,10.900,31.900,21.000,30.000,,46.200,5.500,11.600,22.400,20.300,20.000,32.200,23.000,
10/1965,20.600,22.000,18.900,12.000,24.400,30.400,,24.700,6.900,10.300,24.000,48.700,14.000,16.800,23.000,3.000,25.100,0.000,16.000,14.000,21.500,
11/1965,58.800,55.600,55.500,13.200,39.300,66.600,41.300,49.300,23.000,59.900,74.000,,10.500,74.500,45.000,10.600,87.700,6.800,78.700,49.700,100.200,
12/1965,64.700,128.100,12.200,60.900,190.400,186.800,174.900,142.300,132.100,,184.000,174.900,106.500,205.300,155.000,68.600,87.700,73.200,122.100,116.000,163.300,
1/1966,50.300,77.900,92.500,25.100,53.500,90.100,100.800,35.200,62.200,69.600,106.000,156.800,56.000,64.800,31.000,26.600,89.400,0.000,79.700,32.500,66.500,
2/1966,140.400,100.100,107.000,156.200,103.800,109.500,155.100,160.500,97.600,153.200,126.000,121.200,86.500,90.000,107.000,81.400,178.500,8.800,79.100,79.900,151.100,
3/1966,33.800,129.600,65.500,81.500,49.400,99.600,50.700,110.000,81.900,,123.000,151.600,23.000,52.700,53.000,40.800,63.500,112.600,45.900,18.600,66.400,
4/1966,7.700,15.700,19.000,3.100,5.700,13.500,14.000,9.500,8.800,42.800,16.500,38.100,21.000,27.500,14.000,10.000,13.000,,0.300,76.100,32.200,
5/1966,35.500,64.700,44.300,31.000,54.600,29.400,42.500,36.000,68.000,30.000,75.000,,52.400,,0.000,28.400,40.000,,40.800,40.300,41.900,
6/1966,0.000,0.000,0.000,0.000,0.000,0.000,0.000,0.000,0.500,0.000,0.000,0.000,0.000,0.000,0.000,0.000,0.000,,0.000,0.000,0.000,
7/1966,0.000,0.000,0.000,0.000,0.900,0.000,0.000,0.000,0.000,0.000,0.000,0.000,,0.000,0.000,0.000,0.000,,0.000,0.500,0.000,
8/1966,0.000,2.500,1.500,1.000,0.000,0.000,0.000,1.800,0.000,,0.000,0.500,,0.000,0.000,0.000,0.000,0.000,0.000,0.000,0.000,
9/1966,23.900,13.000,36.700,9.500,16.300,25.500,22.600,42.200,1.200,,11.600,10.700,,13.000,18.300,0.000,3.700,0.000,31.300,1.000,26.000,
10/1966,65.600,33.300,46.500,21.900,29.400,62.500,28.200,63.200,68.810,21.900,37.500,37.600,30.200,58.900,31.700,23.800,30.100,9.300,60.800,42.900,43.400,
11/1966,70.500,63.200,62.900,49.000,,75.500,29.400,43.800,95.000,34.600,63.200,72.400,,66.900,61.200,63.300,98.700,,70.800,71.800,95.500,
12/1966,108.600,83.900,92.500,60.700,99.400,96.800,109.500,54.000,68.800,99.800,84.400,112.300,101.300,98.600,87.100,99.800,103.400,,70.700,27.800,48.200,
1/1967,40.100,58.100,41.000,71.200,49.200,65.900,34.800,34.900,79.100,,27.500,,,68.000,67.600,23.800,77.200,,66.900,71.800,41.200,97.700
2/1967,76.200,106.000,104.000,92.800,,165.900,65.700,106.900,132.500,72.900,73.000,81.100,,172.100,111.700,81.000,94.000,,106.600,106.100,85.100,124.300
3/1967,66.000,103.600,,148.900,217.500,142.800,125.400,85.500,126.600,114.000,78.000,190.600,105.800,191.700,128.800,101.000,211.100,,101.600,213.800,153.800,147.000
4/1967,7.700,5.500,6.900,7.300,36.400,22.100,20.700,2.400,33.900,21.000,7.000,0.500,12.700,68.200,14.300,13.200,29.800,,26.100,12.800,10.000,33.200
5/1967,20.800,25.000,14.200,13.700,,10.200,24.400,29.200,2.000,,29.000,,13.300,17.200,13.500,5.800,19.200,0.000,8.900,12.900,26.000,15.800
6/1967,0.000,1.000,0.000,0.600,1.000,0.000,11.100,3.200,0.000,,1.000,7.800,0.000,0.000,0.600,0.000,0.600,0.000,0.000,0.000,0.000,0.500
7/1967,26.500,18.000,12.000,9.500,8.800,22.200,25.200,13.600,8.500,,30.500,,0.000,,4.900,3.000,12.100,0.000,13.300,16.900,22.700,21.800
8/1967,24.000,19.600,23.600,15.600,20.400,4.400,37.100,23.100,2.800,12.800,16.500,40.300,0.000,,5.200,0.000,8.300,0.000,16.900,27.800,29.400,29.000
9/1967,32.000,69.500,35.900,40.000,,17.400,40.000,44.600,81.000,37.300,62.000,78.800,39.800,44.900,61.600,33.400,39.900,32.400,24.900,63.500,94.700,30.200
10/1967,48.200,65.400,41.500,31.800,,102.500,44.200,75.200,24.800,35.200,47.000,,36.700,30.300,58.500,2.800,35.300,20.200,47.500,43.700,87.400,63.500
11/1967,54.900,14.200,8.600,4.200,34.100,25.200,30.000,27.600,30.400,1.100,7.300,10.200,14.800,5.700,11.800,7.000,16.500,7.000,34.400,4.000,25.200,31.800
12/1967,151.700,151.600,129.800,131.000,143.900,235.500,133.200,175.200,113.300,162.800,166.500,174.900,112.200,172.100,168.500,73.200,133.700,104.500,87.900,121.500,44.800,163.100
1/1968,185.900,112.500,81.200,95.700,104.800,147.800,77.800,98.100,376.800,137.700,92.200,145.300,100.400,134.300,97.900,154.700,179.500,141.500,61.200,120.700,79.600,184.700
2/1968,175.900,144.300,143.000,168.500,178.900,233.200,107.200,130.600,138.100,231.200,237.400,302.800,161.300,272.000,199.400,125.600,213.300,154.900,156.100,117.400,126.200,223.700
3/1968,89.700,83.200,73.900,52.400,192.300,134.200,31.700,108.600,232.100,104.000,89.200,69.900,134.900,193.800,73.400,103.200,112.800,74.800,88.800,111.200,72.000,136.800
4/1968,7.200,16.600,36.900,8.700,42.900,43.900,31.900,12.500,0.000,14.500,36.200,,36.000,27.000,54.000,7.000,19.200,3.000,38.500,62.700,48.100,21.100
5/1968,2.000,15.400,0.700,16.100,21.400,0.000,7.400,0.000,0.000,44.200,11.500,29.800,31.300,45.100,4.400,33.600,12.000,30.800,1.700,10.400,0.700,2.600
6/1968,0.000,4.500,1.000,0.000,17.700,0.000,0.000,0.000,0.000,26.400,5.400,2.500,19.900,30.700,2.200,5.800,3.400,19.800,0.000,12.300,0.400,2.000
7/1968,22.200,9.500,8.000,2.200,1.800,11.000,26.400,38.000,8.500,0.000,13.400,20.100,4.200,1.000,5.800,0.000,5.800,0.000,13.400,3.700,45.400,14.500
8/1968,36.000,5.900,7.600,0.000,2.100,8.200,8.000,23.400,0.000,4.000,12.200,14.200,1.000,2.000,3.000,0.000,3.900,0.000,20.100,2.800,1.100,1.500
9/1968,3.700,10.600,25.500,21.600,35.000,20.400,32.900,40.900,2.800,26.100,57.000,,16.100,30.600,27.000,7.000,24.100,6.100,28.200,15.500,56.400,30.100
10/1968,4.700,50.800,20.900,0.000,,37.300,30.900,43.900,27.500,17.300,53.900,,23.600,3.500,53.100,50.600,30.500,44.700,23.300,59.400,49.000,99.100
11/1968,5.000,112.500,73.700,135.700,151.200,118.700,91.900,,63.400,,127.000,157.300,139.000,104.900,145.500,158.600,148.200,146.000,80.100,59.100,138.900,153.700
12/1968,7.900,65.100,33.700,0.000,62.000,83.300,54.700,51.900,,28.500,85.800,99.000,51.700,51.100,67.600,73.000,83.900,24.000,44.000,48.900,41.400,85.000
1/1969,86.100,99.000,125.100,166.900,142.500,111.200,117.600,229.600,177.100,197.300,121.200,178.200,233.400,172.100,172.500,204.400,152.600,120.600,143.100,164.500,214.600,184.300
2/1969,82.850,62.700,63.600,94.300,92.400,125.500,74.800,83.000,68.800,,148.800,143.600,,164.000,75.700,49.000,89.600,71.700,82.800,98.600,86.500,110.600
3/1969,60.210,43.900,36.000,,98.300,76.200,40.800,81.800,72.020,25.100,96.000,80.400,,86.900,32.900,17.800,65.100,38.300,47.500,68.400,55.600,155.700
4/1969,31.250,40.700,28.800,,33.300,47.300,35.900,17.600,19.120,39.200,33.500,44.500,,31.800,45.500,2.600,34.400,12.800,29.000,33.700,11.100,104.300
5/1969,15.880,0.000,0.000,0.000,0.000,0.000,1.600,4.600,0.010,,0.000,3.500,,0.000,0.000,0.000,0.000,0.000,0.300,0.000,1.000,0.000
6/1969,0.000,1.200,0.000,,0.400,0.000,2.500,6.000,0.010,3.900,2.200,0.100,,7.000,2.800,5.000,0.000,2.800,1.400,0.200,1.200,0.000
7/1969,0.000,9.500,12.000,,23.100,2.900,22.300,9.000,3.110,1.300,11.400,27.600,,1.800,3.200,0.800,6.400,0.100,10.600,3.200,15.500,15.400
8/1969,0.000,3.700,0.000,0.000,0.700,2.000,3.400,16.500,0.000,1.800,8.200,10.500,,9.100,0.000,0.000,1.000,0.000,0.300,0.900,0.000,3.700
9/1969,37.800,26.100,18.500,4.400,9.400,7.100,28.900,28.800,16.110,5.000,15.700,16.900,,22.400,5.800,2.000,17.700,0.100,23.000,4.500,31.300,30.000
10/1969,49.600,21.100,15.600,16.100,14.000,50.600,35.100,39.500,9.730,6.100,13.300,13.700,,23.100,62.200,14.200,26.300,0.100,19.600,25.700,33.900,134.700
11/1969,69.300,67.200,31.800,54.300,34.800,33.700,48.700,76.800,68.210,26.200,53.800,105.200,21.300,17.300,58.700,33.200,75.800,30.300,53.800,52.600,88.600,66.600
12/1969,88.600,72.900,51.200,41.300,35.800,62.800,60.200,56.200,89.200,20.300,40.400,57.500,39.900,98.400,63.400,84.200,111.400,103.300,56.400,51.500,112.900,77.300
1/1970,52.600,161.300,126.900,84.900,148.300,185.700,101.000,145.700,130.500,150.200,164.100,156.200,127.900,148.500,142.900,120.000,157.400,120.200,142.200,142.400,202.700,224.500
2/1970,129.780,89.400,42.000,121.400,80.400,97.400,94.000,169.600,105.500,110.500,71.400,154.700,143.300,195.900,107.700,96.500,140.500,104.000,92.100,55.500,99.800,215.900
3/1970,46.988,144.400,96.100,144.900,121.600,102.400,106.600,118.800,170.000,100.300,86.900,146.900,177.700,186.300,126.300,103.000,169.600,123.600,123.500,189.500,92.600,234.000
4/1970,2.940,77.400,97.000,25.700,58.200,66.700,73.200,70.100,15.200,33.200,39.700,68.500,57.700,44.500,39.200,11.800,49.700,28.500,63.400,32.000,15.000,107.900
5/1970,30.194,11.500,14.700,3.600,14.100,16.500,5.000,12.100,13.100,2.400,10.200,48.400,17.400,8.300,8.600,0.000,15.600,22.400,11.900,7.500,25.500,8.000
6/1970,0.000,0.000,0.000,,0.200,0.500,0.000,,0.000,0.000,1.000,0.800,2.400,0.200,0.000,0.000,3.400,0.000,0.500,0.000,0.000,2.000
7/1970,0.000,0.000,0.000,,0.000,0.000,2.600,8.100,0.900,0.000,0.000,0.200,3.700,3.500,0.000,0.000,0.000,0.000,0.800,0.000,0.000,0.000
8/1970,0.000,0.200,0.000,0.000,2.600,0.000,3.700,0.000,0.000,1.300,0.000,1.000,0.000,0.000,0.000,0.000,5.400,0.100,0.000,0.900,0.000,0.000
9/1970,29.940,56.200,39.300,14.200,27.700,42.000,52.900,0.000,3.400,16.800,42.800,52.000,51.500,30.700,5.900,0.800,14.200,0.300,49.700,10.400,61.400,117.000
10/1970,76.500,45.000,50.400,24.800,21.600,55.800,32.000,61.200,13.900,21.400,58.200,56.000,25.900,34.000,27.700,9.000,31.800,11.000,55.900,18.000,40.300,98.000
11/1970,19.300,27.100,38.200,11.900,30.700,24.300,25.300,61.200,14.300,22.800,35.000,24.400,24.100,24.400,21.400,14.800,7.500,29.200,51.700,14.600,20.700,38.600
12/1970,122.100,121.500,152.100,124.400,101.200,194.900,147.400,234.600,59.900,159.900,193.000,192.700,120.900,177.500,112.700,129.700,209.100,169.400,139.500,97.200,184.400,331.300
1/1971,108.300,121.000,91.500,91.500,130.100,82.400,161.400,230.700,62.000,140.900,108.000,223.700,117.800,166.800,97.800,202.400,151.700,195.500,133.000,101.000,190.800,212.800
2/1971,244.100,166.300,190.300,218.300,220.400,183.200,115.400,287.700,97.400,217.800,183.000,263.900,217.300,345.900,184.300,184.400,259.400,328.600,158.300,268.200,184.400,224.600
3/1971,31.700,24.500,30.300,29.100,65.400,40.400,62.100,53.200,87.000,33.600,49.300,71.800,42.500,71.000,36.000,34.500,117.700,124.500,22.800,28.400,49.500,52.200
4/1971,35.400,35.900,28.100,15.200,54.300,46.300,7.500,35.500,0.400,40.000,8.500,34.700,47.200,74.900,19.400,4.000,27.400,27.800,32.100,25.200,19.000,109.900
5/1971,4.600,2.800,0.500,11.000,0.500,1.000,5.000,0.000,0.000,0.300,1.000,5.200,1.800,3.800,0.000,0.000,4.200,0.000,5.900,0.000,2.000,2.700
6/1971,6.000,0.000,0.600,0.000,0.000,0.000,1.500,8.700,0.000,0.700,1.000,1.200,10.100,2.300,0.000,0.000,5.900,0.000,0.100,2.900,0.700,0.100
7/1971,0.000,0.000,0.300,0.000,0.000,0.000,0.000,0.000,0.000,0.000,0.000,0.000,0.100,0.000,0.000,0.000,0.000,0.000,0.000,0.000,0.000,0.000
8/1971,7.400,12.600,8.700,4.000,4.100,3.500,6.200,3.400,0.000,3.200,2.500,23.000,20.300,11.500,8.400,0.000,4.700,18.400,4.300,9.100,5.600,1.000
9/1971,9.800,2.000,5.800,0.000,0.200,0.000,8.600,5.100,2.100,0.000,0.000,3.500,0.000,0.000,0.500,0.000,1.800,0.000,1.200,1.200,3.800,0.000
10/1971,59.100,35.200,18.100,11.800,31.400,33.100,71.800,28.600,5.500,12.200,31.200,49.800,18.400,29.500,32.600,0.000,11.200,0.000,38.900,19.500,42.100,38.600
11/1971,37.300,53.100,55.800,56.800,69.700,68.500,72.900,159.300,14.000,78.600,46.400,68.300,72.200,98.900,42.900,34.000,43.400,68.400,61.300,93.500,48.100,80.900
12/1971,96.300,76.700,80.100,87.000,51.700,102.900,75.600,174.900,121.300,67.700,46.500,97.200,110.500,134.900,144.400,141.000,191.100,179.500,79.800,103.600,40.600,184.800
1/1972,112.300,171.200,140.900,224.800,236.100,199.200,183.700,177.200,158.800,221.900,169.800,86.100,227.200,288.900,239.300,229.200,244.300,239.000,155.200,210.800,155.600,309.900
2/1972,100.600,101.600,108.900,85.900,100.400,131.100,78.800,82.900,75.300,153.500,79.000,109.700,120.200,221.000,89.000,114.400,79.100,132.000,166.700,130.900,119.000,153.800
3/1972,85.500,123.800,68.700,181.900,120.400,115.900,82.800,81.700,159.300,146.800,50.000,109.000,85.900,169.200,149.600,179.200,168.000,138.500,79.300,164.000,77.700,147.000
4/1972,31.700,37.200,37.400,36.300,2.700,36.500,55.700,108.100,31.700,7.100,13.500,46.100,21.700,17.800,17.600,3.200,39.600,28.000,27.500,37.200,46.600,54.000
5/1972,7.000,9.900,0.000,6.200,0.900,2.300,0.000,24.200,0.000,0.000,0.000,3.300,0.000,0.000,0.800,0.000,0.300,4.400,0.400,6.600,6.000,2.300
6/1972,1.500,0.000,0.000,0.000,0.000,0.000,0.000,5.400,0.000,1.200,0.000,0.000,0.000,2.700,0.000,0.000,0.000,0.000,0.000,0.000,0.000,0.000
7/1972,6.700,1.400,4.000,0.000,0.200,4.600,3.700,0.000,0.800,3.700,7.500,2.000,6.400,,0.000,0.000,0.000,6.400,2.800,0.000,1.000,0.000
8/1972,43.800,5.100,9.700,0.600,2.000,2.600,18.600,31.000,0.000,1.500,7.500,8.700,4.500,,0.000,0.000,1.900,0.000,8.300,0.000,13.800,16.800
9/1972,30.100,37.000,41.600,32.000,12.400,2.500,17.500,49.700,51.800,24.600,43.000,43.600,27.700,26.900,23.100,9.200,23.700,33.700,16.600,37.300,28.600,17.700
10/1972,43.600,36.000,26.300,32.200,12.600,12.800,45.500,86.400,19.900,43.600,26.300,54.400,15.700,13.400,11.100,21.400,44.300,27.000,21.000,32.600,43.900,38.900
11/1972,56.200,133.700,55.600,33.800,44.100,31.900,80.700,101.100,24.600,31.400,61.500,66.600,28.600,50.000,77.500,45.400,61.200,53.800,57.900,46.100,105.100,76.100
12/1972,109.400,123.500,106.600,92.900,119.100,131.200,80.700,156.300,94.100,141.100,167.000,179.400,122.400,148.500,80.000,100.000,93.200,180.000,104.200,132.600,77.800,162.100
1/1973,75.000,201.700,162.000,199.400,192.400,155.100,162.900,244.400,330.500,345.400,151.600,234.500,269.300,271.400,213.100,175.000,279.600,206.100,162.600,238.200,131.900,167.200
2/1973,109.600,107.600,99.800,128.800,150.300,84.800,90.300,134.400,209.200,192.700,63.200,127.200,142.800,189.800,158.100,140.000,210.400,148.700,101.000,131.700,132.200,166.800
3/1973,90.500,162.200,112.900,124.800,159.900,157.800,120.400,98.600,135.500,108.900,163.500,116.600,163.900,,121.100,103.400,124.700,98.800,103.400,159.100,100.700,237.600
4/1973,67.600,85.800,93.700,85.000,60.800,110.700,72.900,123.600,64.600,40.200,69.500,88.700,83.500,109.200,89.800,87.400,108.300,80.900,105.000,97.600,120.500,184.300
5/1973,13.100,17.300,22.200,12.400,16.700,7.700,16.300,11.400,0.000,10.600,9.000,23.900,12.200,12.900,7.600,11.400,25.100,23.200,9.500,13.300,11.700,41.700
6/1973,0.500,0.500,,0.000,5.000,0.000,4.200,0.700,0.000,0.000,0.000,1.800,0.000,0.000,0.000,1.200,2.900,4.100,0.000,0.000,3.400,4.800
7/1973,4.700,5.400,3.400,2.100,15.100,1.500,1.200,23.200,5.200,13.600,0.000,11.500,9.900,8.100,2.000,0.000,12.800,1.800,3.700,1.800,16.200,0.000
8/1973,12.400,16.400,4.900,1.300,8.100,9.200,1.100,3.800,11.200,18.000,8.500,38.700,20.100,17.100,3.300,10.200,14.100,35.000,5.400,6.100,7.900,26.800
9/1973,52.600,44.900,47.700,46.100,48.100,57.700,83.900,44.800,31.000,45.600,74.800,107.600,40.600,44.600,43.800,35.200,45.600,14.600,54.100,32.500,49.800,58.500
10/1973,38.500,38.100,43.700,12.900,37.600,58.100,58.500,89.100,9.100,43.000,36.400,60.400,29.100,45.400,81.600,0.000,19.400,20.000,78.900,16.400,59.900,75.600
11/1973,42.200,58.000,88.300,24.000,41.500,84.000,54.900,49.800,5.800,16.300,12.900,26.500,23.400,30.900,38.100,22.400,78.700,27.100,70.400,29.500,70.400,141.200
12/1973,66.300,40.000,23.800,93.300,41.700,55.300,99.000,152.200,43.600,42.200,56.500,88.800,47.900,68.600,61.600,35.500,142.500,101.200,89.800,70.800,90.700,120.400
1/1974,111.100,228.000,98.000,240.500,238.300,167.200,169.000,136.500,264.200,223.700,190.400,328.400,211.000,269.000,222.400,341.800,208.000,371.100,107.100,253.000,137.100,196.600
2/1974,117.100,132.800,125.000,232.300,200.900,118.300,146.300,254.000,169.800,236.100,,179.800,288.800,357.900,107.200,173.300,262.600,380.600,117.500,206.800,144.800,216.900
3/1974,78.000,118.900,64.400,76.500,85.700,126.500,64.400,102.100,97.600,38.100,51.000,81.900,60.000,60.300,64.600,84.200,109.500,83.800,86.400,54.900,93.900,158.100
4/1974,48.300,35.900,34.900,53.600,45.600,47.900,48.500,73.000,85.900,61.600,36.000,48.600,49.000,193.200,36.400,19.800,27.900,14.600,49.800,57.600,47.500,113.500
5/1974,9.900,1.700,19.000,0.000,0.000,0.000,4.400,3.600,0.000,0.500,0.000,1.900,0.000,3.000,0.000,0.000,0.300,1.600,13.000,0.200,0.600,11.800
6/1974,11.000,8.500,6.100,0.000,8.100,4.200,6.000,11.700,19.700,3.000,3.000,10.000,4.000,4.200,8.700,0.000,6.600,1.400,5.100,2.500,4.800,0.000
7/1974,21.300,1.700,,0.000,10.700,0.000,0.000,9.700,1.800,0.900,0.000,0.000,0.000,0.200,1.300,0.000,0.600,0.000,0.200,0.200,1.400,0.000
8/1974,33.800,41.600,27.600,53.200,33.800,35.400,35.300,26.500,77.000,78.800,24.900,26.500,107.100,101.200,71.100,79.800,49.200,107.200,21.100,51.200,16.800,121.400
9/1974,24.700,16.800,9.000,27.600,25.400,19.400,13.000,47.200,,7.500,18.000,12.700,10.000,22.500,18.200,0.000,9.400,13.200,32.900,36.500,33.400,55.200
10/1974,28.600,44.900,30.000,20.500,42.200,28.500,63.900,103.600,5.000,23.100,35.500,57.700,35.000,32.600,24.000,1.000,18.200,7.800,30.700,12.500,68.300,91.600
11/1974,28.400,36.700,55.700,48.100,31.800,43.300,35.500,62.900,0.000,26.000,47.500,32.800,15.000,29.400,44.700,19.800,13.700,49.000,33.500,27.300,51.000,74.600
12/1974,110.000,78.100,59.200,87.400,71.900,71.100,98.200,179.200,25.600,65.300,62.500,146.000,,38.900,78.900,53.000,110.600,65.200,55.100,48.100,104.700,158.200
1/1975,88.500,164.300,96.000,134.300,191.600,225.300,115.100,137.700,148.800,218.300,127.000,207.700,162.000,184.300,157.700,107.800,232.500,181.200,111.900,157.000,115.600,276.300
2/1975,126.000,128.000,88.600,193.500,216.100,116.800,132.300,116.200,156.000,205.300,209.500,221.000,191.100,266.300,178.100,186.500,237.200,268.700,88.400,177.600,110.300,194.000
3/1975,103.200,138.200,108.600,107.400,126.700,105.900,131.700,92.800,115.700,120.700,103.500,166.900,105.000,155.800,113.800,113.000,144.700,62.200,121.800,158.600,77.500,166.700
4/1975,56.200,24.400,33.100,22.100,30.800,36.600,12.000,113.400,27.800,9.000,18.400,48.300,23.000,16.600,18.100,11.800,47.100,22.600,27.200,37.500,18.800,35.200
5/1975,23.200,28.700,7.200,23.500,32.800,22.000,22.500,12.800,8.400,27.800,6.000,55.000,37.000,55.500,30.500,0.000,23.100,3.600,9.000,43.700,25.500,16.800
6/1975,18.600,8.800,14.500,0.000,8.000,0.000,6.800,2.800,0.000,26.100,0.000,8.900,27.000,9.700,0.800,0.000,1.400,8.600,0.000,0.700,13.500,14.600
7/1975,0.000,0.000,0.000,0.000,0.000,0.000,0.000,1.500,0.000,1.200,0.000,0.000,0.000,0.000,0.000,0.000,0.000,0.000,0.000,0.100,0.000,0.000
8/1975,26.300,0.000,0.000,0.000,0.700,0.000,2.000,10.700,0.000,8.800,0.000,0.500,10.000,9.700,3.800,0.000,1.800,3.500,0.000,14.500,0.500,13.100
9/1975,23.600,0.000,20.700,13.100,41.400,31.900,38.200,80.500,16.900,19.700,10.600,46.200,41.000,36.000,14.800,0.000,2.200,6.100,26.400,48.700,21.400,81.800
10/1975,79.500,2.000,71.700,34.100,54.300,61.900,40.800,68.600,16.500,27.800,61.500,67.300,62.000,95.900,43.600,7.600,31.000,33.600,10.000,53.300,42.800,64.000
11/1975,31.400,6.700,57.500,17.000,26.400,49.300,60.000,74.900,7.000,16.700,26.200,45.300,9.000,35.700,10.900,5.000,50.500,7.100,45.500,24.700,51.800,102.700
12/1975,97.200,45.300,110.000,212.800,242.100,131.300,123.300,180.800,217.800,129.600,155.000,163.800,202.000,280.100,82.900,110.800,171.300,124.400,90.300,235.200,135.600,258.600
1/1976,122.800,164.900,115.900,184.000,203.800,208.800,172.100,220.700,178.900,203.400,66.000,200.900,241.000,331.200,187.200,184.800,207.200,269.200,167.600,200.200,151.700,239.000
2/1976,98.800,71.400,102.500,136.600,152.400,88.900,86.200,102.100,72.700,114.200,58.000,95.800,157.000,201.200,100.000,89.600,110.400,73.000,80.100,149.500,97.300,121.700
3/1976,90.300,63.600,57.400,130.600,96.900,154.900,97.100,114.700,83.600,99.500,9.700,129.800,101.000,136.300,55.200,83.600,162.500,27.200,92.000,169.200,86.800,180.300
4/1976,28.200,12.000,6.700,18.400,24.700,27.400,45.100,41.000,12.100,18.200,0.000,23.400,25.000,21.000,15.000,0.000,22.000,10.400,28.800,25.600,22.300,47.800
5/1976,52.600,19.400,8.900,2.000,21.000,15.400,21.500,34.800,0.000,8.000,21.500,71.300,11.800,44.000,19.100,1.800,23.800,1.400,22.300,9.900,14.000,39.600
6/1976,13.400,2.600,5.500,1.900,2.900,1.500,27.000,2.800,0.000,0.000,4.500,10.700,3.000,1.000,4.000,0.000,1.500,0.000,4.800,0.400,8.000,13.700
7/1976,16.100,4.000,0.400,1.300,0.200,0.800,9.500,3.500,15.000,17.000,1.800,10.800,1.000,2.400,0.300,0.000,2.300,6.200,3.300,1.400,1.500,17.200
8/1976,6.700,10.800,13.300,3.900,6.700,2.800,33.500,12.100,16.600,69.200,26.600,9.300,47.000,43.600,9.300,45.400,20.000,9.600,12.500,16.900,19.100,17.400
9/1976,59.200,68.600,41.200,41.800,49.000,33.800,84.900,65.100,53.700,75.500,,118.700,68.000,63.400,88.200,0.000,51.200,36.800,41.200,44.400,76.200,73.600
10/1976,6.500,0.300,3.300,4.300,3.300,1.900,12.900,12.100,3.000,0.000,,19.000,4.000,9.500,0.000,0.000,2.200,0.000,8.600,9.100,3.700,46.500
11/1976,19.900,23.400,61.000,9.700,0.000,26.000,13.300,42.700,6.300,4.500,,8.900,6.000,5.900,11.000,0.000,5.700,0.000,48.000,11.600,26.200,57.300
12/1976,80.600,83.600,96.100,65.100,111.800,63.900,69.900,151.200,63.000,50.700,97.600,121.500,78.000,51.100,111.300,43.600,72.800,35.200,117.700,119.800,66.700,129.700
1/1977,112.400,95.400,64.200,70.300,83.700,124.400,90.700,108.000,48.900,93.200,31.600,94.100,87.000,91.900,71.000,57.400,106.800,87.800,84.400,49.100,69.900,272.800
2/1977,86.100,148.500,113.000,166.600,260.400,138.300,178.300,140.200,166.600,235.800,150.600,167.900,156.000,275.200,167.000,193.200,182.500,156.900,112.000,206.100,178.200,286.900
3/1977,109.300,115.000,120.200,173.200,156.600,130.100,112.300,118.300,233.900,166.400,94.600,164.400,232.000,222.500,208.500,73.800,150.400,95.000,145.000,209.800,111.800,188.200
4/1977,37.300,7.600,17.500,28.500,9.600,31.800,62.600,88.100,2.000,7.500,0.000,3.200,4.000,5.400,11.500,2.800,8.600,2.700,21.800,5.800,15.400,27.400
5/1977,23.600,5.600,3.400,0.000,4.000,4.000,40.600,22.600,0.000,0.200,2.800,31.400,1.300,0.000,0.000,1.200,2.300,3.800,2.700,8.800,10.000,0.000
6/1977,4.900,0.000,0.000,0.000,0.000,0.000,16.600,9.500,0.000,0.000,0.000,0.300,0.000,0.000,0.000,0.000,0.000,0.000,0.000,0.000,0.000,0.000
7/1977,4.800,3.400,0.000,0.000,0.800,2.000,0.000,5.700,10.200,8.000,1.900,3.400,15.600,14.500,1.000,0.000,3.700,0.000,0.000,2.300,0.100,5.600
8/1977,0.000,0.000,0.000,0.000,0.000,0.000,0.000,0.000,34.500,2.000,3.200,0.200,2.800,0.000,0.000,0.000,0.000,0.000,0.000,0.000,0.000,0.000
9/1977,33.500,38.600,43.300,23.100,30.600,38.000,27.500,45.000,0.000,2.000,55.600,54.400,58.400,57.600,29.000,21.200,20.400,8.300,21.500,48.100,42.800,29.600
10/1977,30.600,68.600,51.600,33.400,55.400,54.600,51.700,30.100,73.100,72.800,42.000,47.200,39.400,66.400,75.200,22.800,29.000,1.600,50.400,53.900,34.500,86.100
11/1977,99.700,109.400,91.200,118.500,72.200,106.500,85.100,158.600,80.600,96.000,77.000,125.200,104.800,162.800,124.000,94.900,122.900,69.600,97.200,49.700,97.100,248.900
12/1977,60.800,132.600,61.000,168.200,117.000,82.500,121.900,126.500,99.700,132.600,91.000,190.000,76.900,114.900,168.700,85.500,85.000,109.600,83.900,108.800,85.600,207.900
1/1978,87.300,196.100,141.600,257.800,172.900,295.200,175.300,158.100,152.200,261.300,120.800,240.800,211.000,250.900,414.200,209.700,310.500,183.200,150.600,224.500,117.200,154.600
2/1978,87.600,108.800,139.300,148.500,116.700,127.700,156.700,168.000,7.900,73.400,237.200,152.700,120.000,99.200,176.000,48.900,98.700,101.400,110.300,95.300,117.400,252.600
3/1978,113.500,103.600,77.600,117.800,91.400,67.000,83.300,161.300,69.000,145.900,123.800,141.800,81.400,117.500,145.500,68.400,83.600,41.600,124.300,136.300,95.300,177.100
4/1978,53.500,45.600,37.400,37.700,23.100,64.000,68.300,65.300,0.000,8.400,65.400,67.000,23.000,19.700,71.000,47.800,50.400,53.400,50.800,28.300,55.300,51.700
5/1978,9.100,4.200,2.700,0.000,0.000,0.900,0.000,5.400,0.000,0.000,0.100,3.200,0.000,0.000,0.000,0.000,0.300,0.000,4.100,0.400,5.300,2.600
6/1978,6.300,10.200,0.000,0.000,4.200,0.600,16.700,14.300,0.000,0.000,7.700,11.200,0.000,0.000,1.500,0.000,1.900,0.000,0.000,0.000,2.600,0.500
7/1978,0.000,0.200,0.000,0.000,4.300,0.000,0.000,0.000,0.000,10.000,6.800,1.500,5.100,4.000,0.000,0.000,0.600,2.600,0.000,3.200,0.300,0.000
8/1978,0.000,0.000,0.000,0.000,,0.000,0.000,1.900,0.000,9.000,0.100,2.100,11.400,8.700,3.500,0.000,0.400,2.800,0.000,0.400,0.300,0.000
9/1978,51.800,11.000,17.700,6.300,,24.700,26.000,89.700,26.900,36.300,34.000,28.800,28.600,22.900,22.000,1.400,13.000,2.800,52.900,17.500,27.800,53.400
10/1978,19.500,23.200,35.600,14.200,,19.900,0.000,20.400,27.900,20.400,28.500,39.500,7.900,0.900,28.700,2.700,30.500,1.600,17.300,24.900,23.500,18.900
11/1978,98.600,137.200,168.500,72.500,163.000,101.900,147.000,121.700,68.600,,131.100,161.800,124.600,88.000,123.000,94.500,117.000,66.300,128.900,142.200,117.300,102.600
12/1978,145.000,142.000,164.600,160.800,197.500,122.300,236.600,224.900,44.400,79.000,195.200,190.700,,146.400,209.600,74.800,145.700,77.900,184.600,155.000,158.100,223.900
1/1979,173.800,173.000,146.100,203.600,174.500,150.900,192.900,196.900,116.200,227.300,191.800,318.100,,197.200,192.500,150.000,188.300,247.200,146.400,131.200,240.100,280.100
2/1979,71.500,59.600,28.700,125.000,66.300,53.600,90.800,159.000,51.900,84.900,99.500,96.400,,117.300,76.900,8.100,123.100,47.700,41.300,35.200,76.300,97.700
3/1979,89.500,139.500,62.200,71.900,180.800,78.800,106.400,181.700,123.100,220.300,43.100,118.200,,229.600,161.900,133.100,100.900,70.000,80.600,143.100,82.400,156.400
4/1979,77.200,113.000,39.600,52.000,52.400,44.200,62.500,103.700,9.700,29.300,70.500,113.200,,80.700,45.700,0.000,34.800,6.400,70.200,44.100,128.500,87.600
5/1979,11.200,0.200,4.000,3.900,4.000,1.400,0.000,32.100,0.000,4.400,1.600,7.600,,2.200,3.300,0.000,1.300,6.400,13.800,1.400,4.600,0.000
6/1979,0.000,0.000,0.000,0.000,0.000,0.000,0.000,0.000,0.000,0.000,0.000,0.000,,0.000,0.000,0.000,0.000,0.000,0.000,0.000,0.000,0.000
7/1979,0.000,0.000,0.000,0.600,,0.000,0.000,0.000,3.400,2.400,2.800,12.100,,14.100,0.000,0.000,2.400,1.600,5.000,0.900,1.500,0.000
8/1979,14.500,8.400,0.000,1.200,7.600,4.400,3.500,31.800,16.000,0.200,9.200,12.800,,2.200,6.200,0.000,5.000,0.000,4.600,1.800,8.200,16.700
9/1979,24.800,0.200,6.500,3.100,,4.700,0.000,51.600,0.000,0.000,4.200,9.900,,4.100,0.000,0.000,1.200,1.400,17.200,8.500,11.400,12.500
10/1979,53.100,112.200,60.900,33.900,,29.100,18.900,43.600,52.800,34.100,78.200,122.500,,47.100,38.800,34.300,59.300,10.200,31.300,45.500,82.000,71.292
11/1979,52.600,73.600,37.100,42.400,,34.600,70.300,92.800,60.800,83.500,56.500,39.700,,115.500,57.900,6.000,122.800,10.000,43.600,31.700,40.400,97.917
12/1979,123.300,134.400,112.800,122.400,,122.400,76.800,190.500,71.900,121.500,107.900,243.800,,133.700,136.500,114.000,103.300,133.000,131.100,83.900,97.000,175.192
1/1980,129.600,212.600,120.100,60.800,,109.000,211.100,206.500,22.700,103.300,118.300,144.500,,190.300,86.500,55.100,115.100,59.200,117.200,60.800,121.500,
2/1980,94.500,125.200,64.200,84.500,40.500,103.700,86.100,91.300,33.300,56.500,125.400,74.600,,91.400,95.500,,73.700,34.200,80.400,57.300,55.400,
3/1980,99.900,166.600,91.100,168.400,77.900,149.200,135.700,149.500,129.500,221.700,139.700,160.800,,253.200,176.500,,245.500,,108.000,258.400,114.400,
4/1980,21.500,28.000,9.000,8.100,2.200,11.800,16.300,35.800,0.500,2.900,31.300,61.100,,3.400,5.000,,10.400,,4.900,18.500,15.200,
5/1980,26.500,19.000,5.700,4.900,0.000,11.200,15.700,13.300,0.700,6.000,7.100,3.500,,2.400,5.900,0.000,2.500,,9.100,1.300,11.900,
6/1980,0.000,0.000,0.000,0.000,,0.000,1.400,0.000,0.000,0.400,0.200,1.800,,1.400,0.000,0.000,0.200,,0.400,0.100,3.000,
7/1980,1.700,25.100,5.300,1.000,0.000,1.300,12.300,0.000,11.300,0.000,5.700,25.200,,11.900,0.000,0.000,3.900,,2.300,4.900,15.300,
8/1980,10.400,50.400,3.600,32.700,9.000,2.400,16.300,3.700,2.000,21.500,9.800,30.200,,33.700,15.500,,5.900,,0.000,13.500,4.600,
9/1980,36.700,85.600,29.400,38.600,16.700,4.800,52.700,92.500,22.700,27.800,74.700,86.900,,101.000,80.000,,21.300,,6.100,66.100,52.900,
10/1980,60.800,71.700,77.900,51.700,,57.200,102.400,109.500,83.500,43.600,91.200,91.000,,49.200,65.000,,89.300,,77.400,72.800,91.700,
11/1980,42.600,53.800,10.100,57.000,,64.200,40.000,22.600,9.600,12.200,26.300,12.400,,26.200,73.500,,28.600,,12.300,25.800,33.800,
12/1980,81.700,60.400,56.900,46.300,,105.800,66.500,65.400,30.100,53.400,85.100,168.700,,,54.000,,41.400,,81.300,34.900,57.400,
1/1981,186.500,172.200,112.500,124.700,,174.300,198.500,151.800,224.200,216.800,326.000,324.900,,,190.500,,204.000,,147.100,,236.000,
2/1981,115.500,135.900,104.900,148.800,,176.000,187.900,218.000,165.100,179.100,103.600,162.300,,,145.500,,212.500,,101.100,207.300,90.500,
3/1981,182.000,219.700,92.300,161.200,,144.600,62.400,221.900,113.500,118.000,114.600,103.700,,,136.100,,159.700,,102.700,111.300,92.500,
4/1981,25.400,80.100,45.000,47.900,,77.000,97.300,87.100,40.000,109.700,83.000,79.000,,,48.500,,77.900,,52.000,71.900,77.800,
5/1981,10.100,4.000,5.600,0.000,,7.600,4.300,2.300,0.000,3.100,14.700,9.800,,,0.000,8.200,1.400,,1.900,4.700,3.300,
6/1981,4.100,0.100,4.000,0.000,,3.100,4.200,4.300,0.000,0.000,0.100,1.000,,,0.000,0.000,0.000,,0.000,0.000,5.700,
7/1981,0.000,0.000,0.000,1.000,,0.000,0.000,0.000,0.000,0.000,0.000,0.000,,,0.000,0.000,0.000,,0.000,0.000,0.000,
8/1981,26.000,65.100,26.900,22.200,,11.600,22.500,6.200,17.800,19.900,21.800,41.100,,,28.000,27.000,39.700,,13.200,37.800,15.900,
9/1981,46.500,8.800,27.700,10.000,,31.000,69.000,68.600,0.100,32.000,33.600,52.100,,,46.500,0.000,3.800,,32.900,21.100,33.900,
10/1981,73.100,83.900,65.400,18.600,,77.400,98.900,79.600,7.600,46.800,106.200,121.300,,,33.900,4.000,23.000,,65.300,25.600,83.400,
11/1981,78.400,89.400,36.400,36.700,,41.500,36.100,104.300,25.800,41.000,45.800,50.700,,,56.500,13.000,59.400,,72.800,49.000,48.300,
12/1981,121.600,170.800,100.700,26.700,,106.800,138.700,166.700,89.400,129.900,106.600,118.500,,,173.500,111.000,159.100,,109.900,129.000,107.200,
1/1982,190.300,167.200,100.700,49.900,,148.300,170.200,156.700,235.700,308.400,163.000,298.800,,,166.500,174.000,168.200,,191.700,232.100,236.400,
2/1982,75.900,44.600,101.100,44.200,,91.700,46.000,111.100,63.700,91.200,35.200,61.200,,,101.500,58.000,81.800,,53.900,83.500,109.900,
3/1982,114.900,141.400,38.800,51.800,,101.100,145.500,77.100,211.200,63.000,112.800,107.400,,,140.000,114.000,139.800,,95.500,99.700,99.500,
4/1982,92.700,63.300,58.500,24.400,,82.200,72.700,33.400,36.800,66.400,58.000,67.600,,,148.500,15.600,51.700,,20.300,75.000,73.800,
5/1982,2.800,0.400,,5.000,,0.000,8.300,5.800,0.000,0.000,1.200,3.000,,,0.000,2.700,5.200,,0.000,2.600,0.000,
6/1982,5.500,0.000,,1.000,,2.000,0.000,7.600,0.000,0.500,1.200,0.300,,,2.500,0.000,0.500,,0.000,5.200,0.000,
7/1982,0.000,0.000,,2.500,,0.000,0.000,0.000,0.000,0.000,0.000,1.600,,,0.000,6.400,0.000,,0.000,1.900,0.800,
8/1982,15.000,1.800,7.000,4.000,,0.000,13.500,7.100,,7.000,4.200,8.500,,,6.500,0.000,1.400,,0.800,0.000,12.900,
9/1982,40.200,67.100,,48.200,,27.000,68.500,12.800,,72.900,13.600,105.800,,,77.500,17.700,31.000,,15.800,52.900,59.300,
10/1982,55.600,93.400,28.500,61.000,,95.000,72.100,44.700,40.800,95.000,39.200,74.700,,,48.200,70.000,68.400,,53.600,114.400,43.000,
11/1982,82.900,110.500,,35.500,,154.200,139.300,135.800,79.900,67.800,126.200,96.400,,,131.000,47.000,145.400,,111.300,103.000,123.100,
12/1982,83.600,69.400,39.100,23.000,,67.900,72.000,90.800,9.700,14.100,48.200,45.400,,,39.500,14.000,28.700,,47.800,24.500,65.500,
1/1983,82.100,52.800,,26.000,,51.400,97.500,27.200,40.500,37.900,102.400,84.100,,,23.000,31.400,83.600,,82.600,20.700,104.600,
2/1983,111.500,106.500,,,,58.100,123.200,154.300,28.300,72.600,48.400,118.800,,,281.400,49.200,53.000,,57.800,70.400,81.100,
3/1983,49.000,64.000,,7.500,,60.600,87.000,105.600,42.000,7.900,24.400,55.500,,,24.500,6.500,53.800,,73.400,57.600,44.400,
4/1983,68.100,46.600,,2.100,,47.600,89.700,113.700,59.700,6.600,37.200,87.600,,,13.000,40.800,50.600,,27.000,55.500,65.100,
5/1983,16.900,0.000,,1.500,,2.400,12.300,14.200,0.000,3.800,13.800,37.000,,,8.500,5.600,20.700,,6.000,14.200,10.400,
6/1983,26.400,0.000,,2.800,,0.000,0.000,5.800,0.000,4.100,1.000,5.900,,,4.500,0.000,3.300,,0.000,2.300,2.000,
7/1983,0.000,0.000,,0.000,,0.000,0.000,0.000,0.000,2.500,0.000,0.000,,,0.000,0.000,0.000,,0.000,1.500,5.600,
8/1983,0.000,0.000,,3.000,,0.000,7.000,1.800,0.000,11.500,2.600,2.000,,,4.500,0.400,1.000,,0.000,4.800,1.600,
9/1983,14.800,35.700,,6.500,,15.500,29.500,29.800,20.800,17.200,17.500,72.900,,,32.500,15.800,16.200,,0.000,46.400,16.800,
10/1983,22.300,36.400,,15.000,,21.300,60.000,31.400,0.000,4.700,7.000,60.100,,,44.000,9.900,16.800,,7.800,26.700,6.700,
11/1983,19.500,18.700,,30.500,,24.500,14.700,39.300,0.000,24.500,53.800,23.300,,,26.500,0.200,2.900,,36.700,29.800,36.200,
12/1983,76.700,74.300,,69.000,,88.300,55.300,92.600,39.500,181.000,84.800,60.100,,,43.500,16.600,86.100,,63.100,104.200,99.200,
1/1984,158.400,200.900,,212.800,,220.300,294.900,397.300,174.400,424.100,24.600,376.600,242.400,,392.200,241.500,259.100,,108.700,318.900,291.600,
2/1984,161.300,160.300,,237.100,,175.400,227.000,228.300,218.400,285.200,166.700,299.700,284.300,,306.100,314.000,254.300,,37.900,330.100,217.300,
3/1984,138.800,294.600,,126.000,,139.900,62.800,124.400,180.800,229.900,125.400,142.700,179.800,,164.100,238.000,205.300,,,223.000,98.300,
4/1984,29.000,38.800,,33.500,,30.500,57.200,71.800,11.300,38.300,38.800,26.500,28.500,,83.000,0.000,22.100,,,44.400,34.600,
5/1984,0.000,17.300,,21.400,,20.900,0.000,9.100,9.600,46.900,14.200,31.800,16.600,,21.000,0.000,11.600,,,18.300,6.800,
6/1984,0.000,1.500,,0.000,,0.000,16.000,3.800,1.300,21.700,9.600,32.100,9.200,,0.000,3.600,0.800,,,4.200,5.300,
7/1984,10.800,0.000,,3.000,0.000,1.300,13.700,4.000,3.100,0.000,0.000,1.200,3.000,,0.000,0.000,0.900,,,3.700,2.200,
8/1984,43.100,0.000,,9.000,0.000,0.700,47.500,33.900,6.400,1.700,17.800,43.100,12.600,,13.000,0.000,23.400,,,25.500,22.500,
9/1984,7.000,0.000,0.800,7.500,0.000,2.700,10.800,17.000,0.300,0.000,1.400,2.800,1.000,,0.000,0.000,0.000,,,0.000,0.600,
10/1984,59.800,74.600,78.300,41.500,39.200,120.600,51.300,105.200,89.500,70.600,72.200,46.800,94.400,,137.300,59.200,105.300,,,157.500,81.800,
11/1984,123.700,171.300,238.800,89.400,81.900,124.100,121.700,129.200,135.700,89.800,113.400,134.400,73.900,,240.300,117.000,141.800,,,68.800,110.500,
12/1984,129.500,159.100,167.100,71.500,78.000,180.100,132.800,141.500,84.100,79.800,76.400,136.600,45.800,,263.700,25.800,166.800,,,96.200,108.100,
1/1985,145.800,301.100,27.500,115.500,116.600,114.000,186.900,229.900,66.000,132.600,168.700,212.700,134.400,128.800,156.100,120.800,81.800,,,130.000,132.500,
2/1985,113.800,263.300,65.100,180.600,126.700,123.500,148.900,106.100,196.600,17.600,66.000,140.600,287.600,249.200,433.300,218.100,210.000,,,337.600,121.700,
3/1985,109.000,152.700,47.800,97.500,93.400,90.500,127.600,145.000,138.100,7.000,107.600,181.400,144.800,162.600,146.500,54.800,168.100,,,123.300,87.700,
4/1985,97.700,75.700,167.500,97.700,84.900,121.000,131.700,122.600,73.000,114.500,165.800,135.900,69.800,91.600,182.200,60.100,101.200,,,90.700,109.000,
5/1985,12.100,0.000,,6.000,41.000,20.700,23.500,28.600,20.000,13.100,17.000,34.600,29.200,38.100,10.000,3.300,62.500,,,24.900,23.100,
6/1985,40.800,36.800,,22.000,18.100,25.900,21.000,35.200,11.200,21.100,17.400,40.300,23.000,26.800,37.000,11.000,14.300,,,27.300,2.800,
7/1985,6.300,0.000,0.000,0.000,4.800,0.000,0.000,0.000,0.600,0.000,0.000,0.200,0.000,0.000,0.000,0.000,0.000,,,0.000,0.000,
8/1985,5.900,4.700,0.700,3.000,0.000,0.500,6.600,24.400,5.300,23.700,3.400,1.000,11.400,22.300,9.500,3.700,0.800,,0.000,8.200,4.700,
9/1985,46.900,16.600,14.900,31.500,3.500,65.700,86.100,56.000,14.200,54.400,103.800,115.500,65.200,89.700,33.700,24.400,3.200,,34.200,40.100,35.300,
10/1985,61.100,20.200,20.300,38.000,83.100,24.600,53.700,49.000,0.000,5.700,28.800,42.300,49.400,13.300,56.000,0.000,16.800,,12.400,32.700,44.300,
11/1985,116.600,166.100,178.700,100.000,166.700,140.800,151.300,151.000,82.800,171.100,203.400,254.400,196.600,164.200,145.400,82.300,162.900,,123.400,123.500,137.900,
12/1985,118.000,228.700,114.000,142.500,216.600,106.900,174.400,267.800,115.200,190.600,163.800,224.500,181.000,163.300,158.400,144.400,162.500,167.800,154.400,134.200,167.400,
1/1986,131.700,110.100,84.500,131.200,326.100,99.600,144.400,251.500,140.800,207.400,183.200,201.800,162.300,131.500,131.600,154.500,168.800,179.800,134.300,145.100,107.100,
2/1986,128.600,327.800,92.600,234.100,295.200,114.800,161.100,340.700,164.000,283.300,148.400,207.200,261.100,260.400,186.700,313.200,276.800,265.700,168.700,251.100,146.900,
3/1986,152.200,188.900,57.700,168.700,164.700,129.900,152.800,227.400,181.800,412.300,151.400,116.500,194.300,171.700,142.400,221.800,189.900,222.600,162.800,221.200,90.400,
4/1986,67.100,67.200,,95.700,131.000,89.600,104.000,146.400,62.400,49.500,67.600,95.800,111.300,106.200,64.200,12.600,145.300,130.200,114.100,105.800,142.600,
5/1986,18.100,0.000,,1.300,0.400,12.900,18.700,9.000,3.900,5.900,9.200,44.600,5.800,4.300,3.600,0.000,4.500,4.200,10.600,0.100,13.700,
6/1986,0.000,0.000,,0.000,0.000,0.000,0.000,0.000,0.000,1.800,0.000,0.000,0.000,0.000,0.000,0.000,0.000,0.000,0.000,0.000,0.000,
7/1986,5.100,2.100,0.000,11.000,0.000,1.000,7.300,5.300,2.500,4.700,9.000,27.400,3.400,3.600,1.400,2.800,0.000,2.200,0.000,5.200,2.400,
8/1986,16.200,44.800,0.000,1.500,14.900,4.100,26.200,33.500,10.000,5.600,20.300,41.300,4.300,37.300,15.100,3.500,6.700,2.600,6.000,12.000,7.900,
9/1986,12.800,48.200,6.300,26.000,37.100,35.500,67.200,61.100,2.400,23.400,72.600,91.800,20.300,14.000,23.500,0.000,14.600,0.300,38.200,42.000,49.700,
10/1986,40.100,69.200,37.000,6.500,20.200,2.700,32.800,41.500,0.600,18.100,17.600,18.100,23.900,29.800,10.400,0.000,21.600,2.700,,4.200,14.400,
11/1986,59.900,145.800,4.200,31.400,49.000,60.100,64.500,116.100,9.400,75.000,85.000,76.500,45.500,33.400,38.900,13.900,47.700,32.900,41.400,9.200,86.700,
12/1986,127.500,149.400,,134.100,123.000,146.800,123.100,190.100,90.700,174.100,115.100,183.400,133.700,139.500,122.000,138.600,196.500,242.200,102.300,131.500,142.600,
1/1987,157.600,137.200,,158.800,233.400,111.200,183.900,247.600,203.200,338.800,191.100,252.100,227.600,296.300,202.000,176.300,229.100,359.300,119.800,224.300,112.800,
2/1987,50.500,46.900,107.500,79.100,18.900,75.100,53.300,117.800,38.600,82.800,20.100,55.600,80.100,70.300,76.300,15.400,25.000,113.400,78.700,71.500,65.400,
3/1987,101.600,86.600,67.700,54.600,74.800,72.500,73.900,165.300,40.700,23.500,77.500,109.300,69.500,82.600,27.100,19.400,54.200,68.400,82.900,73.800,55.700,
4/1987,41.900,22.400,44.600,9.700,19.200,32.000,90.900,25.000,0.000,30.200,28.200,35.200,29.500,37.300,25.800,1.500,8.900,9.400,39.200,44.200,34.900,
5/1987,13.100,2.800,6.300,0.000,2.200,1.100,20.200,21.700,0.800,5.600,23.200,13.100,1.100,5.500,4.000,0.000,0.600,0.800,1.500,1.700,2.500,
6/1987,8.900,4.300,5.300,0.900,14.600,1.400,2.600,7.600,0.000,20.000,10.200,7.100,7.300,8.700,1.800,8.600,2.400,0.400,1.000,3.800,2.100,
7/1987,35.800,22.200,28.400,7.600,19.400,7.300,19.000,41.100,21.200,29.600,18.200,46.200,19.100,19.200,19.200,23.400,25.200,29.500,23.400,12.500,29.000,
8/1987,4.800,33.300,,1.500,0.000,0.900,11.200,0.000,1.800,4.300,14.400,8.800,4.800,1.300,0.000,0.000,1.400,0.600,0.000,0.000,6.000,
9/1987,14.700,6.000,,9.000,28.400,3.200,8.600,16.400,0.000,24.200,5.400,10.000,20.200,18.600,4.200,0.000,1.500,2.600,7.500,4.300,3.600,
10/1987,48.100,38.500,,27.700,28.500,9.300,66.300,73.500,15.300,75.000,72.400,51.400,46.100,64.200,29.600,26.800,35.400,30.200,57.800,58.400,47.500,
11/1987,119.600,125.400,,111.600,24.000,96.600,84.600,148.200,,138.600,78.400,94.300,89.300,155.400,146.600,28.400,84.500,60.000,126.300,110.800,98.600,
12/1987,125.900,70.100,,69.600,32.600,79.800,,111.500,,48.200,57.000,84.100,18.000,43.700,101.400,22.400,45.500,34.800,144.800,25.400,34.500,
1/1988,112.800,164.200,,273.600,110.000,201.800,186.400,116.900,213.800,226.600,227.400,214.600,158.700,300.300,194.500,80.400,186.000,280.800,148.800,213.200,120.600,
2/1988,93.900,56.900,,93.200,167.200,72.600,106.800,161.300,52.000,68.800,77.900,158.000,53.300,70.400,56.500,39.900,69.900,69.500,85.000,73.500,66.000,
3/1988,115.400,163.000,,155.400,171.200,153.400,119.800,164.600,,194.600,269.800,263.100,169.800,249.600,160.500,36.000,214.000,211.000,154.800,228.900,201.100,
4/1988,76.800,127.900,,67.200,,71.300,64.400,88.500,79.200,73.000,123.200,94.200,101.300,124.000,117.300,69.900,110.300,134.400,61.400,72.900,91.900,
5/1988,24.200,59.400,,17.400,26.800,16.900,38.500,22.000,10.100,7.000,48.600,57.200,13.700,9.000,21.700,12.600,0.500,14.900,17.600,23.300,12.000,
6/1988,0.000,0.000,,0.000,0.000,0.000,0.000,0.000,0.000,0.200,0.000,0.000,0.400,0.200,0.000,0.000,0.000,2.400,0.000,0.000,0.000,
7/1988,0.000,0.800,,0.000,2.500,0.000,0.000,0.000,0.000,3.500,0.000,0.000,2.000,1.000,0.100,0.000,0.000,0.000,0.000,0.300,0.000,
8/1988,0.000,0.000,,0.000,0.000,0.000,0.000,0.000,0.000,0.000,0.000,0.000,0.000,0.000,0.000,0.000,0.000,0.000,0.000,0.000,5.300,
9/1988,0.000,6.000,,6.200,,11.600,0.000,20.800,1.100,13.700,8.900,3.800,19.800,22.600,11.900,0.000,15.900,8.300,9.000,20.500,8.900,
10/1988,22.900,58.300,,56.000,,26.700,63.300,57.000,10.900,20.400,48.400,40.100,31.300,59.300,39.700,9.300,19.100,10.600,17.900,70.500,45.900,
11/1988,30.400,6.600,,0.000,,4.900,0.000,49.800,3.200,2.500,5.100,14.100,9.000,27.300,2.900,0.000,4.500,20.800,10.500,45.500,9.300,
12/1988,81.800,137.500,,142.800,,94.500,85.800,178.800,82.400,125.600,92.700,94.800,71.400,96.200,146.200,45.000,105.500,215.000,67.500,99.100,137.400,
1/1989,105.300,116.700,,194.900,248.300,156.800,92.800,172.600,176.700,124.400,156.000,92.600,214.800,160.200,131.400,135.300,175.200,169.800,151.600,203.800,185.300,209.500
2/1989,58.800,73.900,,57.800,179.300,84.700,63.500,85.400,91.800,78.500,120.300,84.100,113.200,170.500,82.000,257.900,100.500,135.400,119.800,129.900,90.800,105.000
3/1989,136.000,85.900,,89.600,244.400,113.900,100.800,147.400,116.200,97.400,111.800,79.600,135.000,195.100,111.500,262.500,131.800,205.000,108.500,137.100,129.500,100.700
4/1989,26.200,75.100,,88.400,29.600,86.800,49.700,28.200,34.900,58.800,58.800,96.700,91.300,111.300,63.200,34.100,68.900,79.800,84.800,100.900,58.500,36.600
5/1989,31.400,3.900,,0.000,0.000,3.600,5.900,13.100,6.200,1.300,1.900,24.800,0.300,16.400,0.500,0.000,5.000,13.400,7.000,0.000,0.000,11.400
6/1989,0.000,0.000,,1.400,,0.700,7.100,25.400,4.000,0.000,7.000,13.500,3.900,3.800,2.600,0.000,10.200,1.700,4.700,0.400,7.500,22.000
7/1989,0.000,11.700,,0.000,,0.700,3.100,0.000,11.800,19.800,1.100,3.000,7.800,6.300,0.800,0.000,1.200,7.800,0.000,1.700,0.000,0.400
8/1989,41.500,9.200,,4.800,,40.100,34.900,25.500,3.700,3.600,14.700,39.000,9.600,13.300,4.900,0.000,5.400,0.000,27.000,14.700,9.000,45.100
9/1989,29.100,50.200,,6.000,,30.900,2.300,46.900,0.000,9.700,15.200,11.700,30.600,18.100,2.600,0.000,2.100,3.000,25.000,17.600,43.300,43.400
10/1989,48.400,24.700,,3.300,31.400,59.800,17.200,60.700,3.700,44.000,21.900,16.000,14.200,3.700,9.100,0.200,12.900,1.300,40.900,14.200,29.600,54.400
11/1989,48.000,27.200,,40.000,66.400,55.900,59.000,79.600,2.400,39.900,67.900,51.900,18.100,,41.900,0.000,48.800,3.000,48.100,21.400,32.400,51.300
12/1989,95.100,35.600,,53.600,123.400,95.500,72.600,109.300,12.700,67.900,83.600,43.600,50.900,58.400,49.700,2.500,78.100,17.800,69.700,42.900,72.900,111.300
1/1990,167.400,113.600,,172.500,215.700,147.500,130.400,156.600,179.100,146.200,121.900,166.600,151.200,199.000,89.700,56.300,160.500,38.100,131.500,167.200,179.000,238.900
2/1990,82.500,84.400,,23.400,87.000,97.400,40.600,112.800,30.210,86.000,55.600,74.500,39.100,50.800,61.700,35.700,67.100,39.300,75.600,22.400,60.100,195.300
3/1990,22.900,27.300,,49.200,47.900,149.600,66.700,83.800,85.700,87.800,49.400,58.800,61.500,51.400,31.300,44.800,59.900,27.700,36.700,59.900,75.900,186.700
4/1990,46.700,19.900,,13.500,94.600,68.300,52.200,55.600,41.700,60.100,21.200,63.800,48.900,47.700,18.900,2.500,36.800,7.900,33.500,43.000,25.700,62.900
5/1990,8.300,7.000,,2.400,11.200,8.800,5.500,0.000,15.900,8.600,12.800,9.000,25.000,13.600,13.900,16.900,7.100,0.000,0.000,12.100,5.800,8.100
6/1990,49.700,72.800,,34.300,40.800,48.100,63.000,48.200,45.600,69.100,44.900,72.500,67.700,37.300,43.100,27.400,37.500,32.900,21.600,54.700,61.000,31.700
7/1990,3.200,0.000,,0.000,0.000,0.000,0.000,0.000,0.000,0.000,0.000,0.000,0.000,0.000,0.000,19.600,0.000,0.000,0.000,0.000,0.000,0.400
8/1990,24.500,5.500,,9.800,31.500,0.200,13.100,3.700,12.500,31.800,35.900,22.700,15.500,18.900,9.000,16.900,7.500,0.000,5.400,11.800,1.800,3.000
9/1990,8.100,19.500,,1.000,12.300,9.800,16.900,31.300,0.000,6.800,25.600,25.700,7.400,19.900,2.900,2.200,4.100,4.500,19.000,10.100,17.300,4.800
10/1990,73.600,105.900,,112.800,74.500,136.100,74.300,106.900,,39.500,52.100,110.100,65.900,69.300,92.700,43.700,93.500,43.500,84.000,107.900,109.000,73.800
11/1990,70.700,47.000,,130.000,54.700,70.400,95.500,185.100,91.800,125.700,98.100,125.900,101.200,64.300,96.700,4.100,116.700,67.200,77.600,94.500,84.000,44.600
12/1990,119.500,114.200,,101.900,159.900,78.400,73.600,81.900,82.600,135.700,98.600,102.300,127.800,173.700,91.800,32.400,91.400,118.300,18.000,63.200,114.200,166.500
1/1991,104.800,148.900,,106.400,122.700,191.400,120.200,125.500,135.520,105.900,123.400,117.500,74.200,147.100,138.700,78.700,205.600,99.700,154.300,124.100,164.800,142.600
2/1991,66.600,96.100,,144.100,113.100,61.400,96.800,80.800,81.010,72.700,137.700,181.700,75.200,101.800,107.000,77.300,119.300,86.100,73.700,67.700,106.100,106.500
3/1991,78.400,117.400,,115.200,227.600,118.000,108.100,176.500,138.300,117.100,138.000,184.500,115.100,152.800,90.500,,146.200,204.600,105.100,185.800,134.900,143.400
4/1991,60.200,31.000,,70.100,,30.100,36.600,59.800,7.420,33.700,9.200,39.400,50.600,70.800,38.200,,58.300,54.200,40.900,46.200,51.000,42.700
5/1991,26.000,11.500,,5.800,,28.000,19.600,49.500,1.700,8.200,20.100,31.700,20.000,10.100,23.500,,5.800,0.000,0.000,6.800,5.700,30.200
6/1991,31.400,59.600,,35.600,38.000,39.100,40.300,30.500,27.200,38.500,51.100,60.500,43.400,31.500,40.000,,31.100,38.700,0.000,33.600,45.000,29.600
7/1991,0.000,1.800,,0.000,0.500,0.000,0.000,0.000,0.000,2.000,1.000,0.000,6.400,3.800,0.800,,3.100,0.000,0.000,0.000,9.800,0.000
8/1991,0.000,2.300,,0.000,0.000,0.000,0.000,0.500,0.000,0.000,0.700,7.600,4.000,0.600,0.000,0.000,0.000,0.000,0.000,3.000,0.800,0.000
9/1991,26.600,16.000,,6.300,11.500,1.000,18.500,72.900,2.100,0.800,29.400,32.000,14.200,11.800,8.500,0.000,18.600,0.000,6.000,14.700,14.900,10.900
10/1991,35.400,37.600,,13.800,62.500,48.300,31.300,43.100,16.900,21.200,14.100,15.300,45.500,49.800,59.400,,29.400,4.800,28.200,20.400,24.800,63.400
11/1991,51.100,51.800,,27.400,74.500,29.800,53.500,87.300,23.500,40.200,46.100,63.000,17.300,30.900,26.600,0.000,28.600,37.800,25.900,44.200,64.700,26.000
12/1991,52.500,71.700,,59.600,103.000,94.500,76.800,183.900,80.200,48.100,148.200,124.600,63.400,74.000,82.900,0.000,102.400,59.800,131.700,50.300,108.700,101.100
1/1992,74.800,99.600,,106.800,157.700,109.800,171.700,279.100,74.710,179.800,132.000,156.600,151.900,159.300,86.400,53.900,96.500,169.200,,66.000,153.600,109.800
2/1992,90.100,64.700,,75.100,145.000,71.100,78.500,274.700,102.000,146.400,75.400,100.700,88.800,130.900,76.200,45.600,142.300,68.200,70.600,89.700,54.300,68.500
3/1992,83.600,32.800,49.700,28.500,32.500,84.300,60.500,137.500,12.910,26.200,46.900,39.700,29.700,40.200,33.500,1.600,26.200,17.100,49.100,15.700,49.700,26.900
4/1992,42.900,11.900,14.400,8.500,51.000,35.400,7.000,4.900,7.810,62.300,6.400,21.700,8.200,32.800,31.400,4.200,9.400,8.200,21.100,38.800,25.200,4.000
5/1992,0.000,0.000,0.000,0.000,0.000,0.000,0.000,0.800,0.000,1.000,0.000,0.000,0.000,0.000,0.000,0.000,0.000,0.000,0.000,0.000,0.000,0.000
6/1992,14.100,11.000,8.000,2.700,6.000,2.400,15.100,24.500,0.900,3.700,9.700,25.200,1.600,0.700,2.800,0.000,2.200,0.000,3.200,0.500,1.200,0.500
7/1992,0.000,0.600,0.000,2.200,5.000,0.000,0.000,7.400,1.400,4.000,9.000,1.500,1.400,3.700,1.400,0.000,0.000,0.000,0.000,2.300,4.000,0.000
8/1992,30.000,86.700,59.800,31.100,70.000,42.000,64.600,116.700,18.000,24.200,72.100,101.600,55.500,40.900,63.400,8.200,51.500,20.200,37.200,42.200,72.500,23.400
9/1992,8.300,13.300,,0.000,0.500,0.000,27.600,3.600,0.000,0.000,13.700,4.600,2.400,0.000,0.500,0.600,0.000,0.000,18.000,0.000,20.800,8.300
10/1992,34.900,73.100,,47.500,40.500,57.500,29.100,59.900,7.800,25.200,66.400,84.000,38.800,24.000,49.200,32.300,30.300,67.000,29.400,34.400,44.500,38.300
11/1992,69.800,58.300,,27.200,89.000,99.400,73.100,201.800,19.510,31.500,45.200,38.800,57.800,72.600,61.000,23.800,55.000,32.100,79.800,29.400,66.300,93.700
12/1992,83.800,62.000,,64.900,49.000,90.400,156.300,159.800,82.410,70.500,140.000,145.700,45.100,60.700,111.100,35.500,81.600,25.800,78.600,55.100,123.700,87.100
1/1993,127.000,125.500,142.800,147.200,284.000,183.400,172.800,178.300,196.500,211.200,127.300,310.300,191.700,219.600,155.300,147.300,246.200,127.500,191.500,175.600,174.400,199.200
2/1993,83.700,73.100,54.500,67.800,123.500,29.000,64.200,81.500,27.700,80.000,47.900,49.100,36.700,88.200,18.200,15.600,62.000,21.800,79.100,100.700,67.100,57.000
3/1993,100.300,111.700,84.300,96.300,293.000,182.900,64.300,91.000,116.420,119.600,111.200,65.100,125.300,185.200,140.100,97.200,138.200,62.400,103.600,107.000,75.300,140.100
4/1993,61.400,91.100,87.900,69.500,39.000,46.900,7.000,84.200,53.900,17.600,58.100,83.600,65.300,30.800,24.600,19.400,52.500,9.300,52.300,52.500,99.800,93.500
5/1993,26.500,11.800,11.600,3.000,1.000,0.000,0.000,14.900,1.300,7.300,11.500,17.700,1.500,7.600,9.600,2.100,4.600,5.000,9.700,6.600,11.400,7.500
6/1993,1.500,3.500,4.800,0.000,0.500,16.000,15.100,8.500,0.000,2.600,2.100,18.700,1.000,2.900,0.200,0.000,1.800,0.000,3.700,1.100,0.000,7.900
7/1993,8.600,0.000,1.300,0.000,0.000,0.000,5.900,0.000,0.100,0.000,0.000,1.400,0.000,0.000,0.000,0.000,0.000,0.000,10.200,0.000,2.100,7.200
8/1993,31.800,19.800,9.200,26.300,38.700,28.600,22.000,36.200,15.600,48.700,10.600,10.400,45.300,35.100,26.900,44.600,19.300,56.900,21.900,37.900,17.000,26.700
9/1993,7.700,22.000,24.400,9.500,25.300,9.300,27.200,25.500,4.600,26.500,19.100,30.600,20.000,21.100,13.400,13.000,1.600,0.000,5.900,18.000,24.200,28.800
10/1993,41.800,103.800,68.600,113.400,34.000,94.100,75.600,37.100,61.800,60.500,56.500,53.300,23.800,73.000,66.000,50.700,108.200,46.400,65.000,69.100,67.300,72.100
11/1993,71.100,74.700,125.400,83.000,124.800,162.000,66.700,103.500,129.500,85.100,90.600,106.400,65.300,122.000,74.600,46.100,114.500,38.900,86.600,79.200,114.200,150.500
12/1993,101.100,111.600,127.400,117.400,159.500,98.100,113.600,160.800,163.400,93.100,143.900,124.200,94.200,69.800,135.700,94.200,175.100,166.400,110.300,111.500,124.200,171.500
1/1994,150.200,100.600,111.700,133.800,300.000,209.400,111.300,284.900,237.900,123.800,100.800,192.500,129.400,186.500,164.000,105.000,224.800,267.900,120.100,180.000,170.800,263.200
2/1994,183.300,154.900,169.300,105.200,308.300,133.100,169.900,423.200,209.500,213.300,114.700,102.500,126.700,149.100,148.200,120.400,168.100,214.600,110.700,183.100,112.600,174.400
3/1994,114.400,107.500,89.100,162.100,179.000,139.600,132.800,135.400,167.800,83.800,150.600,124.400,100.200,109.500,105.000,63.100,127.600,39.600,102.000,113.300,113.700,188.300
4/1994,76.500,145.200,48.200,110.200,120.800,61.300,123.000,83.000,136.900,25.000,39.500,116.100,58.100,55.400,58.100,28.100,86.300,8.700,59.200,116.200,72.400,74.800
5/1994,0.000,8.000,0.500,0.000,4.500,0.000,31.800,24.900,20.100,9.200,14.000,21.700,14.800,11.700,1.500,0.300,23.400,0.000,4.800,29.900,17.800,13.000
6/1994,3.900,0.400,,0.000,0.000,0.000,7.900,5.600,0.000,2.000,1.800,2.800,0.000,0.000,0.700,0.200,1.100,0.000,0.500,0.400,5.200,2.000
7/1994,0.000,0.000,0.000,0.000,2.700,0.000,0.000,0.000,0.000,2.300,0.000,0.000,0.000,1.600,0.000,1.800,0.000,0.000,0.000,0.000,0.000,0.000
8/1994,0.000,3.000,6.300,0.000,4.500,5.800,0.000,5.100,0.000,0.000,0.000,2.000,0.000,0.800,0.000,1.700,0.000,0.000,3.200,0.000,0.000,3.700
9/1994,8.300,11.900,13.400,6.500,5.500,6.100,56.100,97.600,0.000,1.700,11.000,7.400,5.200,7.100,4.500,4.100,15.100,0.000,15.100,18.300,18.600,4.500
10/1994,23.700,21.000,35.400,14.300,15.300,43.000,67.100,58.700,0.000,4.100,39.200,38.300,10.800,14.300,17.600,3.400,12.900,0.000,51.800,36.600,37.400,37.300
11/1994,39.200,72.400,59.800,51.200,38.800,76.300,114.900,62.300,67.700,93.100,64.600,74.000,39.500,69.200,51.800,19.000,108.300,56.500,74.800,52.600,44.600,92.300
12/1994,104.300,95.500,88.100,98.000,139.600,120.600,122.300,208.400,87.100,122.600,132.800,157.300,117.100,165.300,85.200,84.400,165.400,242.200,116.600,73.200,106.900,179.400
1/1995,80.500,82.400,62.300,125.800,140.200,119.700,153.100,177.900,86.100,121.900,133.300,133.700,112.900,128.900,107.800,73.600,115.400,129.800,69.500,122.700,105.200,127.300
2/1995,84.600,122.800,78.000,70.600,141.700,119.700,96.000,97.900,135.100,134.400,124.100,142.700,80.200,105.900,94.900,49.900,151.500,47.400,79.100,119.700,153.300,147.200
3/1995,128.500,131.500,97.800,100.200,150.300,124.800,142.700,152.800,216.200,119.100,79.900,110.900,138.300,134.500,94.200,90.500,120.900,102.700,101.700,124.000,135.300,159.900
4/1995,52.000,6.400,4.600,5.000,1.800,15.800,33.500,38.300,31.530,20.500,13.700,7.300,14.600,19.900,23.700,11.400,40.800,0.000,14.800,2.100,10.500,28.500
5/1995,9.200,4.300,0.200,0.000,8.400,2.100,8.500,28.200,0.110,0.000,1.200,10.000,5.700,6.100,0.800,0.300,1.100,1.600,0.000,4.100,0.500,6.200
6/1995,0.000,0.000,0.000,0.000,0.000,0.000,0.000,2.300,0.000,0.000,0.000,0.000,1.400,0.000,0.000,0.000,0.000,0.000,0.000,0.000,0.000,0.000
7/1995,5.200,0.000,0.000,0.000,0.500,0.000,6.900,0.000,0.000,0.000,0.800,0.000,0.000,0.600,0.000,0.000,0.000,0.000,0.000,0.000,3.400,0.000
8/1995,0.000,0.000,0.600,0.200,4.500,0.000,,12.700,0.500,6.800,1.200,1.700,4.200,7.200,5.800,0.000,2.600,0.000,0.000,3.000,0.000,0.000
9/1995,8.400,9.000,5.100,16.600,18.200,2.500,20.700,24.100,8.710,16.900,17.000,38.200,9.600,17.800,19.700,3.600,14.800,14.800,10.700,21.900,5.200,50.500
10/1995,14.400,19.500,33.100,9.900,15.900,27.000,34.000,42.600,16.700,1.000,14.700,28.600,11.200,26.700,18.700,2.500,15.100,4.400,16.800,15.300,15.500,84.800
11/1995,40.600,80.300,90.000,32.800,40.700,56.700,53.300,82.100,49.100,43.100,69.500,76.500,47.500,71.600,55.300,21.600,64.200,12.500,65.800,50.300,67.600,144.600
12/1995,78.900,129.600,88.400,55.300,133.000,123.800,97.900,95.200,67.800,186.300,67.200,148.900,113.400,117.200,61.800,53.400,142.800,89.700,96.200,80.200,89.400,106.300
1/1996,132.200,155.700,142.500,206.300,244.900,162.200,127.200,162.600,198.300,218.600,200.900,266.500,245.600,195.500,196.000,177.000,254.500,162.200,141.500,252.700,118.600,190.000
2/1996,98.600,38.700,67.900,102.800,111.300,112.000,87.000,134.600,177.200,75.300,80.900,88.100,141.100,127.000,101.600,88.200,164.200,75.400,62.800,130.500,66.800,188.200
3/1996,56.200,85.800,121.900,56.400,47.100,97.800,111.200,122.900,92.700,69.300,71.100,78.100,33.900,137.700,108.400,29.000,73.500,41.700,94.600,60.800,113.500,150.100
4/1996,28.600,9.300,15.700,37.700,34.500,61.900,65.200,51.700,49.900,27.300,17.500,40.500,31.500,32.300,23.600,19.500,73.000,25.800,21.400,76.300,37.300,56.700
5/1996,19.000,13.000,15.000,1.900,14.900,1.400,32.500,36.300,13.700,5.000,2.300,5.100,2.000,18.800,16.500,13.600,21.500,3.400,10.800,0.000,29.600,9.800
6/1996,0.000,0.000,0.300,0.000,0.000,0.000,0.000,0.000,0.000,0.000,0.000,0.000,0.000,0.000,0.000,0.000,0.000,0.000,0.000,0.000,0.000,0.000
7/1996,0.500,5.000,2.000,2.000,4.400,3.400,,0.000,0.000,0.500,7.600,7.600,7.200,9.100,1.800,0.000,27.900,0.000,1.400,2.900,0.900,10.700
8/1996,31.400,4.700,3.100,17.600,25.500,5.000,27.700,19.700,11.060,58.300,3.500,4.300,30.500,38.000,2.500,14.200,18.800,23.400,3.000,12.800,6.900,12.900
9/1996,17.000,22.500,11.200,10.300,5.600,6.600,29.800,14.000,0.420,20.200,13.100,23.300,11.500,4.500,22.100,0.000,18.800,0.000,4.600,0.800,20.800,21.200
10/1996,27.900,40.600,35.200,14.300,22.000,9.600,52.200,26.400,4.130,12.700,9.800,18.100,9.500,26.600,13.500,1.000,3.000,5.200,33.000,10.400,19.900,74.500
11/1996,62.500,46.200,59.500,57.800,70.400,57.100,88.300,103.900,14.060,67.900,70.000,86.200,83.200,77.200,74.100,34.100,93.200,44.600,50.900,88.300,131.600,110.900
12/1996,23.300,93.100,64.000,165.600,88.800,98.500,130.500,76.700,121.310,65.400,177.400,169.200,86.300,101.600,149.300,102.300,228.300,,125.400,118.000,95.700,180.400
1/1997,144.700,193.200,150.400,158.500,255.300,205.100,160.700,205.300,170.200,233.700,171.800,262.000,288.000,264.100,149.400,241.700,220.100,226.400,189.800,239.600,215.200,280.500
2/1997,100.000,129.900,151.300,238.300,217.400,204.300,163.400,331.800,165.110,260.900,110.800,159.400,190.800,220.800,177.800,183.500,185.500,201.400,135.800,213.200,90.500,162.600
3/1997,114.800,141.800,139.100,160.000,132.200,192.700,144.900,197.800,65.110,85.700,183.400,185.300,122.900,162.300,147.100,60.900,100.300,96.400,196.900,98.600,201.900,244.900
4/1997,37.900,55.400,30.100,75.100,79.400,63.300,78.800,42.600,25.350,47.300,83.400,85.000,60.700,66.100,68.900,13.300,55.400,24.100,48.000,88.600,96.800,60.200
5/1997,9.100,2.500,7.800,3.700,2.500,4.000,11.500,16.100,4.850,13.700,15.500,9.000,1.400,11.100,3.900,5.000,9.100,0.000,12.600,0.900,4.200,5.800
6/1997,0.000,0.000,0.000,0.000,0.000,0.000,0.000,0.000,0.000,0.000,0.000,0.000,0.000,0.000,0.000,0.000,0.000,0.000,0.000,0.000,0.000,0.000
7/1997,1.400,0.000,0.000,0.000,0.000,0.000,7.900,0.000,0.010,0.000,0.000,0.200,0.000,0.000,0.000,0.000,0.300,0.000,0.000,0.000,1.100,0.000
8/1997,14.400,18.700,13.100,,22.900,16.500,24.600,13.900,21.520,,15.800,24.900,61.700,64.000,19.000,32.200,26.600,41.400,13.600,21.900,21.400,21.900
9/1997,18.100,36.800,32.100,46.500,59.300,31.000,41.000,14.600,24.130,63.200,40.600,78.300,96.100,79.700,42.900,41.800,37.900,32.300,17.000,108.200,22.900,70.800
10/1997,23.400,31.800,36.900,38.000,35.600,35.400,57.100,42.400,0.530,11.200,41.100,40.300,27.100,36.200,39.900,8.000,33.600,8.100,49.000,30.100,42.400,63.100
11/1997,48.600,107.000,134.600,103.300,103.100,111.600,79.500,94.500,48.640,65.500,85.000,145.700,91.700,79.200,113.200,63.100,96.900,57.600,110.700,62.900,112.800,164.700
12/1997,110.300,78.900,100.500,88.400,38.000,121.700,55.900,31.300,41.430,26.400,51.700,108.800,50.200,54.000,95.600,81.500,103.700,31.600,60.200,44.900,59.900,158.900
1/1998,77.000,56.600,95.000,151.800,102.200,128.700,82.600,37.300,159.310,94.700,109.300,110.100,97.300,132.400,105.000,126.800,154.600,96.000,100.200,196.400,125.600,145.600
2/1998,102.700,107.600,71.400,168.400,124.500,131.500,184.500,93.400,69.800,165.100,69.400,92.700,112.600,77.300,154.400,44.200,159.800,96.000,72.200,115.500,105.700,25.600
3/1998,77.500,131.600,77.200,110.300,136.400,151.400,119.100,157.200,93.130,72.000,87.500,144.600,54.700,150.600,104.000,77.000,103.400,29.900,52.800,135.300,92.800,134.600
4/1998,35.000,59.000,24.600,16.900,36.200,22.500,81.200,67.100,16.700,57.700,52.900,38.400,59.900,62.000,25.800,14.200,29.700,9.700,17.500,25.400,32.900,33.300
5/1998,0.500,0.000,0.000,0.000,0.000,0.000,0.000,0.400,0.000,0.000,0.000,0.000,0.000,0.000,0.000,0.000,0.000,0.000,0.000,0.000,0.000,0.000
6/1998,6.200,4.300,10.500,0.000,8.200,2.000,12.000,4.400,11.400,42.400,5.700,11.300,13.000,13.600,2.000,18.600,0.900,34.700,7.700,4.900,12.000,2.600
7/1998,0.000,0.000,0.000,0.000,0.000,0.000,0.000,0.000,0.000,0.000,0.000,0.000,0.000,0.000,0.000,0.000,0.000,0.000,0.000,0.000,0.000,0.000
8/1998,0.500,1.400,0.000,5.500,0.000,2.000,8.100,0.700,2.620,0.000,0.500,2.300,0.100,0.000,0.000,0.600,0.000,0.000,1.200,4.300,1.600,5.000
9/1998,8.900,0.900,11.000,0.000,1.800,8.800,5.000,2.300,1.700,3.400,4.200,3.800,4.600,12.300,0.200,0.400,0.000,0.000,2.200,4.500,0.500,9.100
10/1998,120.800,42.700,58.000,11.800,12.400,72.600,70.900,119.900,20.530,32.700,65.200,39.700,41.000,75.400,44.900,11.600,31.800,2.200,103.700,26.900,66.900,127.500
11/1998,83.000,72.600,76.300,12.600,57.400,107.300,111.000,101.700,39.700,67.200,141.800,85.000,47.100,66.000,69.900,38.100,88.100,53.900,88.700,43.900,89.400,114.100
12/1998,46.500,34.400,17.600,11.100,12.100,50.900,41.400,37.600,53.210,25.800,35.600,20.200,41.100,51.300,62.100,20.800,45.000,0.000,32.600,58.000,24.600,46.600
1/1999,136.900,92.900,99.800,95.000,184.800,114.100,125.700,141.000,83.110,212.000,88.800,104.800,107.100,158.700,152.700,139.600,153.500,90.900,108.300,193.700,104.100,138.500
2/1999,103.900,91.900,68.000,116.900,229.000,162.600,122.700,120.000,201.200,225.700,65.900,63.300,153.800,278.200,97.800,177.500,163.900,177.800,125.600,244.500,68.900,164.900
3/1999,103.600,119.000,134.600,112.300,236.100,139.900,160.800,171.700,172.900,248.800,151.800,255.400,223.400,309.800,143.400,212.800,204.900,151.400,136.600,202.000,162.300,276.000
4/1999,46.700,83.600,52.000,104.400,91.500,146.800,47.600,67.300,44.430,109.500,72.400,62.300,89.700,61.500,123.000,64.200,116.100,65.100,37.800,86.000,25.600,65.200
5/1999,12.600,5.700,3.500,5.400,0.900,9.800,10.000,31.700,6.200,10.900,14.700,4.700,14.900,28.400,5.300,1.600,19.300,3.400,0.500,7.500,19.800,10.300
6/1999,1.400,3.600,1.000,0.000,0.000,0.000,4.900,0.800,0.010,0.900,0.500,0.500,0.600,2.200,1.800,0.000,1.100,0.000,0.000,0.000,0.000,0.000
7/1999,2.900,0.000,0.000,1.800,0.000,1.400,3.400,0.500,0.040,1.100,2.100,0.400,1.500,3.100,0.000,0.000,0.800,0.000,0.000,1.500,0.700,0.000
8/1999,1.500,0.000,0.500,1.800,0.000,1.700,0.000,0.000,7.100,0.000,1.700,0.800,3.900,1.900,0.800,0.000,1.900,0.000,0.000,1.900,0.000,0.000
9/1999,40.700,42.300,30.600,21.900,42.900,20.300,60.700,55.700,2.850,15.200,45.700,47.800,21.000,58.100,32.700,8.400,13.500,23.600,16.600,16.100,45.100,26.600
10/1999,41.700,72.200,69.300,104.000,76.400,58.100,63.700,44.900,72.220,86.500,61.700,108.200,123.300,130.300,105.500,35.200,118.300,22.200,35.800,150.300,53.800,54.700
11/1999,54.700,52.300,31.800,3.000,30.600,28.000,44.100,64.400,0.030,3.100,46.200,50.100,17.900,18.500,17.600,0.000,19.500,0.000,54.300,32.000,36.400,16.400
12/1999,67.500,33.100,23.200,95.300,64.700,94.100,88.900,118.000,54.620,30.900,41.200,32.900,62.300,94.000,63.500,45.800,118.000,42.400,65.700,68.400,68.900,98.200
1/2000,93.200,187.800,132.400,134.600,157.000,183.400,144.700,111.800,173.300,202.100,85.200,143.400,269.900,275.300,173.700,179.500,202.100,208.600,126.900,167.100,158.000,187.100
2/2000,97.800,102.200,114.000,221.900,145.000,180.600,115.900,61.100,129.000,140.700,55.900,94.300,161.100,236.300,113.500,135.800,258.800,99.400,114.100,210.000,131.400,139.600
3/2000,95.400,68.000,51.300,133.300,169.100,120.700,64.800,67.100,59.600,72.300,113.800,110.600,135.600,138.400,130.300,64.100,181.600,95.800,105.100,150.100,93.700,108.000
4/2000,23.700,2.900,8.400,31.700,9.500,14.400,26.500,4.100,10.210,0.500,7.100,19.000,14.400,16.700,52.700,22.900,23.300,6.200,9.600,40.300,13.100,19.000
5/2000,7.100,15.600,2.900,0.600,20.000,17.300,10.700,7.400,12.530,0.000,12.100,9.700,4.900,10.900,7.100,6.400,9.400,1.500,1.400,0.400,1.700,3.200
6/2000,18.100,15.600,7.900,0.000,0.000,6.500,19.600,9.200,4.320,9.400,7.300,10.600,4.400,14.300,6.200,1.200,3.900,0.700,1.200,2.300,27.400,5.900
7/2000,4.100,1.600,0.500,0.000,1.000,7.000,5.400,5.000,0.000,0.000,0.500,0.000,9.300,0.600,0.000,0.000,0.400,0.000,1.600,4.200,0.000,2.800
8/2000,12.700,27.500,38.800,6.900,35.200,5.300,40.300,5.900,1.690,2.900,21.400,39.200,6.400,17.000,7.400,1.200,7.700,9.600,2.400,17.900,11.000,7.100
9/2000,20.400,6.400,0.700,15.800,10.700,6.900,28.500,10.700,0.230,4.800,10.500,9.500,3.200,1.200,14.500,0.600,5.100,2.000,17.000,14.600,12.200,10.500
10/2000,75.000,93.900,79.800,118.300,84.100,96.000,115.600,87.500,41.330,55.200,97.800,114.500,51.500,62.200,57.100,28.300,89.700,24.600,108.000,95.800,112.300,180.200
11/2000,26.100,11.400,25.600,13.500,0.000,17.400,22.900,26.800,10.030,63.500,14.700,24.800,1.000,1.900,9.900,7.900,9.900,0.000,17.600,13.900,25.000,24.600
12/2000,112.500,89.900,65.300,110.400,68.800,139.100,124.700,107.200,97.220,104.900,113.500,122.700,109.800,119.500,114.200,82.200,136.100,90.200,99.600,69.000,105.000,151.500
1/2001,132.700,210.000,195.400,273.900,214.100,238.600,164.600,170.300,226.000,340.000,205.100,424.100,298.900,324.000,249.700,267.500,299.000,317.300,151.800,248.700,206.300,242.800
2/2001,46.200,209.400,94.800,224.600,172.700,127.300,58.500,65.100,185.000,278.200,142.200,184.900,231.800,251.900,188.300,184.100,248.100,226.500,111.000,214.600,134.200,163.700
3/2001,86.400,129.400,168.000,78.200,219.400,126.900,232.700,135.400,100.610,136.900,159.700,181.900,162.200,239.600,114.600,116.300,149.300,92.100,132.400,224.100,210.100,125.800
4/2001,49.900,57.900,15.900,63.900,75.400,25.100,29.800,27.100,50.120,17.500,13.800,40.600,44.100,57.400,29.500,33.600,81.200,16.500,30.600,69.800,46.500,28.900
5/2001,62.600,27.000,19.900,11.500,9.000,19.300,37.600,17.600,6.560,3.200,21.700,26.500,2.500,7.900,10.600,4.800,19.500,0.000,21.400,12.200,34.800,34.900
6/2001,0.500,3.200,0.000,0.800,2.600,1.200,6.800,0.000,0.730,7.500,3.500,5.100,0.100,1.900,2.900,0.600,2.900,4.600,0.000,2.200,3.000,0.000
7/2001,13.200,9.200,4.400,0.400,12.200,4.700,19.200,16.100,0.000,13.900,6.200,20.300,15.000,12.700,2.200,0.000,3.700,0.400,5.500,0.000,3.100,8.800
8/2001,13.600,9.000,8.000,52.600,31.000,7.500,33.000,11.300,5.420,20.700,10.900,14.500,23.900,30.900,8.100,6.400,16.100,5.600,0.000,12.500,9.800,5.200
9/2001,11.900,9.600,16.600,36.900,29.000,10.800,42.200,21.300,0.550,28.700,9.100,8.000,12.200,18.800,4.000,0.200,14.100,1.800,14.200,27.100,25.800,15.500
10/2001,50.200,75.700,44.900,71.300,73.300,40.400,82.100,87.100,13.850,28.600,92.000,75.900,58.000,67.700,57.500,13.800,39.700,10.700,59.400,68.400,70.600,37.900
11/2001,63.700,45.200,42.500,21.600,35.700,18.200,102.600,50.200,29.310,12.000,63.300,41.200,33.800,13.800,46.100,14.400,,22.700,62.700,56.200,47.100,25.900
12/2001,59.800,131.700,166.600,16.700,106.500,69.900,74.000,89.300,29.120,95.600,123.600,136.000,106.900,116.200,73.700,27.000,68.100,37.900,57.400,81.000,91.400,56.400
1/2002,65.900,90.400,157.400,93.700,111.500,156.800,83.200,52.500,88.320,107.500,90.900,112.900,108.200,145.800,121.800,70.400,152.600,85.700,117.000,129.600,125.500,153.500
2/2002,125.700,198.800,116.400,166.900,232.700,175.500,189.500,166.900,179.430,213.900,175.500,260.300,242.700,216.800,76.500,175.400,240.700,129.500,107.000,180.000,130.500,168.600
3/2002,106.100,91.700,155.400,160.500,163.800,113.600,130.300,91.800,192.520,266.300,151.500,214.000,228.500,239.100,139.400,120.300,111.000,130.000,94.400,170.600,110.600,130.900
4/2002,42.300,70.300,49.100,125.700,85.900,105.100,65.300,22.500,129.520,98.100,102.300,43.800,156.800,134.200,67.600,75.600,75.200,51.800,149.200,105.300,53.300,84.800
5/2002,10.100,47.800,10.300,28.700,12.000,29.200,26.200,11.400,8.980,11.500,21.100,18.100,20.900,8.600,21.700,17.000,17.000,22.500,8.800,15.400,14.600,27.800
6/2002,0.500,6.500,1.900,6.200,2.000,2.000,0.800,1.000,3.420,20.400,4.800,4.400,19.800,16.500,4.000,9.200,2.000,12.800,1.800,21.100,1.000,11.300
7/2002,27.200,23.600,10.800,16.000,16.700,13.500,37.900,21.200,20.620,29.800,23.500,32.200,43.600,42.400,18.700,10.000,27.400,15.400,25.400,22.700,16.700,12.100
8/2002,19.700,20.400,9.000,22.900,13.700,13.600,19.900,10.000,0.270,1.700,6.100,13.800,15.200,10.900,9.100,2.200,4.300,1.300,4.400,30.600,5.800,2.400
9/2002,39.500,17.700,15.000,8.800,62.400,22.000,43.500,25.800,0.360,1.500,37.300,64.600,10.700,3.700,16.400,2.000,10.100,0.400,25.600,11.600,21.800,24.100
10/2002,48.800,119.100,187.300,116.300,146.100,94.200,111.900,71.000,57.730,53.800,140.100,117.500,69.800,39.400,83.300,51.100,76.800,18.400,131.600,65.900,128.400,107.100
11/2002,115.300,54.200,87.100,78.000,89.700,102.500,87.400,74.900,27.930,64.200,85.800,136.700,80.700,37.400,92.600,36.800,92.900,46.300,87.200,43.800,51.600,89.300
12/2002,74.400,107.300,170.600,105.300,109.200,128.000,91.500,149.500,143.210,66.900,116.800,124.000,108.000,107.100,177.400,81.100,170.500,40.900,134.600,112.200,100.600,123.600
1/2003,184.800,179.200,149.900,217.200,250.800,137.900,151.000,161.800,97.010,171.900,216.500,300.000,168.100,229.700,203.300,103.300,222.200,127.700,181.300,174.500,161.100,155.100
2/2003,71.400,82.600,95.300,92.500,147.200,154.800,135.600,87.300,124.920,102.200,107.800,165.200,78.900,142.700,136.200,103.700,194.800,143.600,114.900,114.400,126.300,130.900
3/2003,114.500,145.800,109.400,116.700,174.600,245.000,130.400,113.800,104.210,149.200,131.300,120.900,172.000,304.800,139.100,92.800,201.400,143.500,134.800,113.400,131.300,186.300
4/2003,52.300,37.700,58.900,22.100,36.100,43.600,55.100,59.000,27.630,2.000,46.300,52.300,14.500,39.300,18.300,5.800,21.300,9.200,60.200,46.100,67.000,37.700
5/2003,3.800,7.800,4.700,10.800,18.300,4.300,13.600,10.100,6.420,11.000,3.000,21.000,24.300,23.400,5.200,8.000,8.300,4.600,7.000,36.700,1.400,10.600
6/2003,9.400,11.400,5.700,2.600,6.800,3.300,6.800,14.300,0.500,0.000,11.000,10.600,0.500,0.000,3.200,0.000,2.800,0.000,7.600,4.800,7.200,2.300
7/2003,0.000,0.000,0.600,0.000,2.400,0.000,0.000,0.000,0.040,0.000,1.100,10.100,0.000,5.900,0.000,2.200,0.000,5.300,0.500,0.200,2.000,
8/2003,19.400,3.500,5.000,0.900,3.400,12.600,29.500,13.200,6.600,5.100,3.000,14.300,10.300,12.600,1.500,7.500,0.000,5.800,7.000,9.600,14.900,11.800
9/2003,13.100,19.200,7.800,16.900,43.700,23.300,19.000,15.100,2.920,35.900,22.400,47.300,52.200,42.600,30.900,7.000,25.500,2.700,15.400,42.900,23.000,14.600
10/2003,79.300,19.400,32.900,14.000,31.500,18.700,43.900,65.100,0.440,5.900,67.600,54.700,14.100,24.600,9.100,11.800,22.700,3.700,14.800,25.400,81.100,24.000
11/2003,43.100,59.800,42.400,68.100,25.600,33.600,84.600,54.000,5.810,22.800,40.800,12.300,17.900,25.600,23.700,10.600,14.100,2.800,16.100,14.300,20.100,26.100
12/2003,85.800,74.600,118.200,136.200,138.000,97.600,119.300,56.100,68.320,103.500,105.900,219.100,89.300,89.600,132.100,75.900,155.600,94.100,80.600,131.800,95.600,122.200
1/2004,236.300,219.000,227.400,193.000,202.400,215.600,240.400,114.200,138.600,224.600,195.900,244.200,286.100,322.000,266.600,142.800,226.800,139.400,240.400,208.900,214.700,220.700
2/2004,136.100,144.400,93.900,100.100,182.900,137.000,55.600,59.300,108.900,175.300,147.100,114.300,132.500,115.800,144.100,118.800,162.800,162.300,160.200,125.200,123.300,113.300
3/2004,79.400,125.400,47.700,81.600,105.600,95.700,35.800,38.000,87.840,47.200,54.100,61.100,52.600,68.400,101.000,64.400,55.800,64.700,61.800,115.500,79.900,96.400
4/2004,39.800,35.600,22.800,34.200,48.900,42.600,55.200,46.600,53.710,9.800,42.800,27.600,19.400,54.900,38.900,16.200,75.300,0.000,50.600,29.200,47.500,50.700
5/2004,11.700,8.400,15.900,0.500,6.200,1.100,98.000,7.800,0.000,0.700,6.100,4.800,10.200,11.600,3.300,0.000,0.000,0.000,7.400,6.200,6.100,0.000
6/2004,21.400,5.600,,0.500,0.800,2.000,18.800,10.100,0.040,0.000,11.800,17.200,1.600,2.000,2.000,0.800,0.600,0.000,0.000,0.000,0.000,2.600
7/2004,6.000,7.800,2.800,7.700,12.700,3.300,6.400,4.100,13.330,50.400,8.300,10.000,22.100,34.000,2.300,26.200,11.700,46.600,4.800,10.200,1.200,2.200
8/2004,11.400,17.100,16.500,18.400,23.700,21.900,22.300,1.300,7.060,42.100,32.800,30.500,38.300,49.900,19.200,59.600,13.200,46.800,22.800,43.000,18.300,20.300
9/2004,31.200,43.800,39.600,12.800,39.800,59.600,46.200,10.800,5.140,14.800,21.100,18.300,15.900,25.300,26.500,12.100,26.600,0.000,40.600,34.300,17.000,35.600
10/2004,45.800,5.600,11.000,2.900,17.200,13.300,29.400,32.600,2.320,0.000,34.000,28.200,2.000,11.100,21.600,0.000,14.700,1.800,13.000,5.600,17.000,15.200
11/2004,60.200,57.600,62.600,27.400,29.200,58.300,72.400,70.300,8.400,7.300,51.300,69.500,22.400,25.700,16.800,0.000,32.300,9.100,53.800,41.200,62.400,80.700
12/2004,83.800,70.600,71.500,58.200,91.100,142.500,35.000,67.100,38.820,64.500,91.900,52.100,63.200,126.300,100.000,41.900,102.100,18.300,118.800,59.100,74.900,122.800
1/2005,79.600,90.000,42.500,75.300,113.800,88.100,138.100,88.000,51.620,98.100,109.400,144.000,125.100,139.100,100.600,109.200,111.500,123.600,52.500,103.300,63.500,71.200
2/2005,152.900,154.800,171.800,265.700,216.400,213.700,131.300,114.500,121.720,215.200,148.600,231.300,142.500,189.200,278.300,187.500,267.500,259.100,199.000,157.900,142.300,202.500
3/2005,56.000,83.800,78.500,84.000,101.100,97.700,81.800,54.000,57.680,123.000,96.600,33.800,78.700,78.700,116.500,40.000,97.700,68.800,54.700,134.600,44.000,112.000
4/2005,17.700,20.500,28.600,49.700,21.100,39.000,30.300,19.400,53.730,11.400,16.600,49.900,23.600,29.500,49.600,42.800,60.200,24.800,35.400,45.700,26.400,35.800
5/2005,1.100,1.000,0.300,0.000,0.000,0.000,0.800,4.700,0.010,0.000,0.500,0.500,8.300,1.500,,0.000,0.000,0.000,0.500,0.400,2.900,0.000
6/2005,0.200,0.000,0.000,0.000,0.000,0.000,0.000,0.000,0.000,0.000,0.000,0.000,0.000,0.000,0.000,0.000,0.000,0.000,0.000,0.000,0.000,0.000
7/2005,0.000,0.000,0.000,0.000,0.000,0.000,2.400,3.400,0.000,0.000,0.000,0.000,0.000,0.000,,0.000,0.000,0.000,1.200,0.000,1.000,2.600
8/2005,14.000,5.200,5.000,0.500,2.600,7.900,1.800,8.300,0.010,0.000,5.200,9.000,0.000,1.000,0.000,0.000,0.600,0.000,2.800,0.000,4.300,10.800
9/2005,7.900,22.800,19.600,5.800,34.600,0.000,18.200,5.800,10.460,30.400,28.000,30.600,26.200,24.700,22.400,18.200,21.400,43.000,3.800,11.800,14.700,2.000
10/2005,51.900,60.000,59.800,30.600,74.900,118.300,107.500,45.800,2.940,44.200,75.500,94.700,58.700,61.200,75.300,6.600,16.400,27.800,65.900,39.500,39.000,67.000
11/2005,63.000,68.200,34.300,70.600,67.700,75.700,83.300,44.500,19.730,64.800,31.500,97.200,55.700,54.000,54.300,18.000,101.300,21.000,62.200,80.500,54.100,84.800
12/2005,148.900,126.800,84.500,79.900,108.700,98.000,68.500,91.200,96.720,138.100,94.200,131.200,88.500,164.200,164.600,158.300,136.100,175.900,86.400,100.800,75.100,105.400
1/2006,165.000,131.800,188.700,230.200,265.100,188.800,231.400,156.400,148.760,289.600,224.300,238.400,335.400,347.200,188.200,271.500,179.400,257.600,144.200,291.100,165.200,227.100
2/2006,83.100,42.400,36.700,107.300,65.700,115.900,38.500,45.900,119.110,122.500,31.100,93.600,80.100,196.800,109.500,118.100,165.000,81.800,46.900,64.300,34.600,103.100
3/2006,61.300,55.200,75.300,141.300,131.500,94.600,80.800,53.900,152.020,158.600,76.700,69.200,138.300,174.100,122.900,109.500,163.700,57.800,64.600,159.600,46.100,102.500
4/2006,62.600,18.400,17.200,49.900,33.700,20.500,47.700,34.000,39.330,57.300,39.300,21.800,30.800,44.600,19.800,26.900,65.300,18.300,50.500,44.600,64.400,61.600
5/2006,2.800,0.000,0.200,0.000,0.600,0.000,3.800,0.900,0.200,0.600,0.500,2.400,3.200,7.100,0.700,11.400,1.800,2.000,0.000,0.900,2.200,1.000
6/2006,5.400,2.600,1.300,0.700,6.200,3.200,0.000,4.900,0.110,2.000,1.500,0.000,3.000,3.300,3.300,0.200,0.000,0.000,2.100,0.000,9.700,8.000
7/2006,0.000,0.000,0.000,0.000,0.000,0.000,0.000,0.000,0.000,0.000,0.000,0.000,0.000,0.000,0.000,0.000,0.000,0.000,0.000,0.000,0.000,0.000
8/2006,20.800,1.400,2.300,2.800,9.200,3.000,7.200,14.200,2.720,0.000,3.800,1.400,8.900,2.300,0.200,0.400,9.100,0.900,3.900,0.600,2.300,6.800
9/2006,29.200,19.000,11.300,44.200,32.000,3.600,19.800,17.900,6.910,11.100,23.100,55.000,27.700,13.900,20.100,5.000,31.400,2.100,37.000,21.200,20.100,8.300
10/2006,71.300,80.600,60.600,38.000,25.900,48.000,43.600,32.500,5.440,48.700,55.900,16.900,25.600,43.500,52.100,37.700,46.700,26.300,42.500,37.400,45.300,42.800
11/2006,69.200,67.400,60.600,60.200,75.400,90.800,59.000,105.400,53.420,77.800,51.300,63.800,99.600,113.600,79.700,57.200,110.300,9.800,63.600,53.800,65.200,73.600
12/2006,98.100,67.600,71.100,69.000,62.000,208.300,84.700,94.700,55.420,46.200,113.200,148.900,81.100,93.900,95.700,94.200,89.400,125.100,79.500,101.500,82.300,215.200
1/2007,118.100,77.800,97.000,68.100,76.500,95.600,144.100,127.200,89.130,34.300,137.900,140.300,92.900,99.100,81.500,87.400,149.600,150.100,130.100,84.800,96.600,105.200
2/2007,79.200,48.800,54.500,105.400,34.700,96.900,53.300,40.000,78.010,84.200,97.400,114.100,61.800,136.400,67.800,113.400,147.900,37.100,58.100,171.000,50.600,104.600
3/2007,96.900,158.800,164.600,168.600,160.900,130.800,143.500,83.200,162.510,269.300,122.800,,212.400,231.300,258.400,107.000,260.900,147.900,152.600,236.700,164.400,227.200
4/2007,33.600,98.200,80.600,67.500,47.200,81.900,78.300,19.400,36.320,31.200,64.000,118.900,66.200,99.600,83.500,29.400,81.000,30.000,60.500,49.700,74.400,65.800
5/2007,16.300,15.800,12.500,2.400,4.200,3.500,37.100,6.900,4.620,0.000,5.200,7.100,2.500,6.600,14.000,0.000,13.200,0.000,14.400,10.600,19.200,9.500
6/2007,0.000,1.800,0.300,0.000,0.000,0.000,0.000,0.500,0.230,0.000,0.000,0.000,2.100,1.200,0.500,0.400,0.000,0.000,0.600,0.000,2.100,1.200
7/2007,9.800,1.000,0.600,0.800,3.200,4.600,0.000,1.700,2.140,9.900,2.200,5.800,7.800,8.300,6.700,0.000,9.700,0.000,0.500,3.300,0.000,3.000
8/2007,0.000,1.200,0.800,0.000,6.400,0.000,2.900,0.000,0.020,3.400,0.700,0.000,5.200,5.100,10.000,0.200,0.000,0.900,0.000,1.600,0.000,0.000
9/2007,14.700,59.800,60.600,75.400,41.500,22.100,66.600,14.800,5.720,19.400,83.100,75.000,41.500,30.400,16.200,10.800,16.700,7.500,25.800,61.300,46.300,41.600
10/2007,39.700,17.000,17.100,40.600,9.000,21.100,30.100,59.100,10.810,4.000,7.600,38.200,27.500,44.400,27.400,3.100,27.300,17.000,19.400,77.000,21.800,53.700
11/2007,61.900,68.300,62.800,97.600,75.300,67.200,99.100,40.900,32.120,36.800,58.100,100.700,30.600,30.300,93.300,49.200,54.300,32.900,75.400,44.200,57.100,81.300
12/2007,89.600,81.800,85.300,83.900,128.900,72.900,112.000,55.800,50.260,47.600,119.400,89.800,87.100,156.900,93.800,87.800,116.800,84.100,51.000,74.100,58.400,84.400
1/2008,168.200,146.200,98.400,271.600,208.600,149.700,130.100,135.300,196.330,207.200,134.300,219.300,245.100,284.700,226.900,194.400,196.300,175.800,130.300,209.700,100.100,161.300
2/2008,62.700,74.900,91.900,74.500,77.600,96.600,42.800,48.100,53.640,78.200,76.600,135.600,94.700,109.500,64.800,52.700,68.200,136.400,73.000,85.800,79.400,79.100
3/2008,60.300,53.000,43.700,65.100,124.900,44.100,78.200,60.900,38.040,70.500,61.800,118.000,68.500,88.700,74.600,57.900,84.200,99.200,52.400,95.000,69.700,79.900
4/2008,40.600,0.000,1.000,6.300,0.000,2.900,20.000,21.800,0.320,0.000,5.100,7.000,17.000,44.400,3.400,1.400,5.800,0.000,4.600,8.400,3.200,12.600
5/2008,24.700,8.600,3.100,0.000,0.000,2.900,3.500,14.300,0.030,0.000,8.700,20.200,1.800,0.800,1.700,0.000,0.500,0.000,6.200,6.800,6.000,4.200
6/2008,2.800,0.400,0.000,0.200,0.000,1.000,8.500,0.000,0.010,2.200,0.000,0.000,1.400,2.500,1.200,0.000,3.900,0.000,0.000,1.400,0.000,2.600
7/2008,1.800,0.000,0.000,0.000,0.000,0.000,0.000,0.000,0.000,0.000,0.000,0.000,7.200,1.200,0.000,0.000,0.000,0.000,0.000,0.200,0.000,0.000
8/2008,7.700,0.000,0.000,0.600,0.000,2.500,3.500,5.300,0.600,2.200,0.000,0.000,3.200,0.500,1.400,6.400,0.200,11.600,0.000,0.800,0.000,2.400
9/2008,7.100,7.600,22.800,1.800,0.000,0.000,16.300,3.900,0.020,0.000,5.500,5.300,1.400,0.700,3.300,0.000,3.300,0.000,7.600,2.400,15.500,4.800
10/2008,48.300,52.200,44.000,34.900,44.000,37.800,79.700,57.300,11.430,25.700,48.500,85.000,53.700,52.000,54.600,6.300,42.200,13.500,49.600,79.400,51.100,59.000
11/2008,56.000,156.500,61.500,70.100,12.400,47.400,27.500,43.600,10.650,14.600,32.700,10.500,0.600,15.900,23.400,3.000,35.900,0.000,26.500,27.200,77.100,56.900
12/2008,133.700,150.800,171.600,153.500,176.700,235.800,117.100,123.300,103.910,136.100,212.200,209.500,146.200,177.300,168.300,132.200,212.200,143.400,155.600,144.200,140.000,191.800
1/2009,135.100,41.100,130.000,88.800,94.900,114.100,99.500,81.700,82.110,129.200,80.100,85.200,105.100,161.700,102.200,71.000,63.100,47.100,112.100,154.000,103.400,120.200
2/2009,79.900,139.100,91.900,119.700,162.300,90.400,61.500,73.000,147.910,228.100,113.300,87.800,126.700,210.500,190.300,130.000,131.400,153.400,90.900,136.100,83.100,135.900
3/2009,63.700,113.000,72.200,111.400,91.100,137.600,55.900,37.900,45.060,89.800,42.900,47.800,81.700,170.100,153.400,61.800,103.700,56.700,59.700,148.300,63.500,72.400
4/2009,52.600,44.400,33.200,24.600,52.600,65.200,12.100,24.600,33.420,29.000,9.300,15.500,57.500,77.000,40.200,33.400,38.700,12.400,15.300,83.000,8.600,28.400
5/2009,17.600,0.000,4.400,0.000,0.800,0.000,2.600,8.800,0.040,0.000,0.500,2.200,0.000,0.000,0.800,0.700,3.800,0.000,5.200,0.400,8.000,2.200
6/2009,0.000,0.000,0.000,0.000,0.000,0.000,0.000,0.000,0.000,0.000,0.000,0.000,0.000,0.000,0.000,0.000,0.000,0.000,0.000,0.000,0.000,0.000
7/2009,0.000,3.600,0.400,1.600,3.500,0.000,5.200,4.100,8.830,1.800,3.200,5.800,8.200,6.600,0.000,6.400,4.200,17.200,4.600,2.500,2.400,1.200
8/2009,0.000,0.000,0.000,0.500,0.000,0.000,0.000,0.000,0.010,0.000,0.000,0.000,0.000,0.000,0.000,0.000,0.700,0.000,0.800,0.000,0.000,0.000
9/2009,16.600,11.600,14.200,1.400,6.800,14.400,12.000,51.200,13.510,3.800,12.600,12.500,40.500,54.000,4.600,6.400,13.900,15.200,9.200,16.400,13.600,13.300
10/2009,26.800,35.200,28.200,28.400,31.700,19.100,51.200,10.600,3.430,61.500,13.100,48.000,35.200,34.000,35.200,4.600,25.400,14.700,19.200,56.400,27.800,36.000
11/2009,125.300,82.000,91.100,152.800,72.100,84.800,66.300,67.400,56.850,67.100,58.800,124.400,158.000,125.900,77.800,72.700,117.000,63.500,111.800,88.900,86.600,126.100
12/2009,98.500,113.500,85.400,91.200,72.500,131.100,141.200,57.300,44.260,93.700,100.000,158.600,57.400,128.500,83.800,65.000,134.200,59.800,104.600,62.500,89.900,141.200
1/2010,115.400,105.800,162.600,147.800,,187.900,135.700,147.800,,174.200,156.200,,212.900,236.200,118.900,103.500,223.100,122.000,153.800,99.300,178.200,276.300
2/2010,95.000,181.800,95.100,125.300,,180.700,153.100,101.100,,152.200,112.500,,117.500,217.600,144.200,63.800,215.700,139.000,118.800,192.800,116.500,150.000
3/2010,103.200,55.400,63.100,66.700,,139.400,74.700,116.600,,10.200,38.800,,64.400,107.000,71.600,40.600,113.900,97.900,71.600,56.300,104.900,132.000
4/2010,22.600,35.700,41.800,28.400,,73.000,12.500,5.800,,31.200,21.200,,42.000,25.100,26.800,44.200,57.300,37.600,40.800,12.300,29.300,28.700
5/2010,14.400,10.800,7.600,9.600,,15.200,14.900,12.200,,22.200,24.600,,37.200,42.500,12.400,20.500,7.800,21.800,8.600,16.100,12.100,8.100
6/2010,0.000,0.000,0.000,0.000,,0.000,1.500,0.000,,0.000,0.000,,0.000,0.000,0.000,0.000,0.000,0.000,0.000,0.000,0.000,1.200
7/2010,6.000,0.000,0.300,0.500,,0.000,2.700,0.900,,0.000,0.000,,0.000,0.000,0.000,0.000,0.000,0.000,0.000,0.000,0.600,0.000
8/2010,0.000,0.000,2.300,,,0.000,2.000,1.300,,0.000,0.000,,8.700,9.100,0.000,0.000,0.000,0.000,2.600,7.100,2.300,0.800
9/2010,2.400,0.000,0.000,2.400,,0.000,0.800,2.800,,33.400,0.600,,1.200,4.200,0.000,0.800,0.000,0.000,0.000,2.900,0.000,10.400
10/2010,38.400,17.700,25.600,21.200,,18.400,35.500,46.300,,40.800,47.300,,39.000,17.600,28.400,9.400,23.200,20.900,24.800,33.400,43.700,17.600
11/2010,40.400,16.100,24.500,35.800,,58.200,6.200,22.200,,19.000,0.700,,7.800,13.100,14.000,6.300,49.200,2.900,8.600,15.000,20.900,44.200
12/2010,90.900,111.400,70.700,183.000,,102.300,188.700,92.100,,107.400,118.800,,125.900,117.000,136.300,82.400,151.900,125.400,121.000,146.700,101.400,119.700
1/2011,98.100,90.800,96.700,76.100,116.900,122.800,57.900,54.100,,126.600,68.800,56.700,,254.100,97.800,121.600,105.900,89.300,93.200,122.400,65.200,109.100
2/2011,109.000,185.300,176.300,182.500,227.100,181.100,136.100,61.200,,212.500,151.300,140.600,,288.100,213.500,153.600,209.100,170.800,153.800,202.900,165.700,208.200
3/2011,142.300,76.300,60.900,134.000,102.700,122.400,117.000,73.700,,128.700,109.900,107.800,,216.600,105.400,46.600,155.600,95.900,130.800,116.500,56.200,176.700
4/2011,33.900,6.700,23.400,41.300,14.500,9.700,35.800,15.700,,37.800,16.000,8.600,,45.300,14.100,47.700,83.200,15.300,51.200,46.800,54.000,54.700
5/2011,0.000,8.300,0.300,1.700,2.300,13.500,9.300,4.800,,8.700,10.500,9.900,,6.400,7.200,5.800,3.800,10.200,2.100,4.800,0.400,12.100
6/2011,10.100,0.600,0.000,,0.000,7.800,0.500,2.600,,0.000,0.000,0.000,,0.000,0.000,0.000,0.000,0.000,0.000,0.000,0.000,3.600
7/2011,1.700,7.600,5.500,5.100,6.600,9.700,7.900,0.000,,14.800,5.600,5.600,,12.000,4.800,3.200,3.900,7.900,6.200,6.400,4.100,6.400
8/2011,4.800,0.900,3.800,4.300,0.000,6.800,9.700,4.800,,0.000,1.400,2.300,0.000,3.600,4.300,0.000,1.800,7.900,11.000,0.200,10.200,1.200
9/2011,67.900,48.600,67.900,32.100,26.300,37.200,61.700,59.200,,24.400,31.700,48.600,23.100,56.000,39.600,12.400,25.700,1.600,61.200,45.800,53.300,47.800
10/2011,59.200,78.900,46.800,29.800,6.500,31.000,102.400,49.500,,14.800,33.400,45.900,22.600,21.800,77.900,0.400,14.100,6.600,59.200,25.700,5.600,41.100
11/2011,14.400,56.900,33.500,76.200,57.800,87.700,48.400,28.200,,57.600,22.500,55.600,16.000,60.700,93.300,37.600,31.500,0.000,37.600,45.300,26.400,47.200
12/2011,101.100,196.800,76.100,260.400,205.400,164.200,114.800,79.400,,144.700,118.500,186.600,128.900,284.600,348.200,171.600,172.200,222.800,104.600,151.300,120.000,139.600
1/2012,76.300,117.400,99.700,165.200,181.300,171.100,104.500,148.200,,194.200,143.200,186.800,115.000,224.900,134.000,183.000,261.500,131.900,137.600,135.400,97.600,154.000
2/2012,106.800,154.900,103.200,216.100,233.700,149.600,150.400,91.800,,189.500,130.000,282.500,248.400,339.600,238.100,174.400,230.700,206.300,159.400,294.800,128.000,191.800
3/2012,84.500,98.500,101.600,165.000,152.700,148.600,101.600,67.400,,133.700,140.400,145.000,179.600,239.700,97.600,87.100,142.800,129.300,109.200,209.900,82.400,177.900
4/2012,88.100,53.600,49.400,49.800,25.100,67.400,79.000,27.800,,40.200,40.000,134.900,43.500,79.000,80.400,73.800,94.500,68.500,25.200,59.500,41.400,111.500
5/2012,4.800,0.000,14.600,0.000,0.000,0.000,1.200,0.000,,0.000,0.200,0.300,0.000,0.000,0.000,0.200,1.500,0.400,9.600,0.000,14.400,0.000
6/2012,9.000,0.000,0.000,0.000,3.400,0.000,2.400,18.400,,0.800,0.000,2.200,1.200,1.200,0.000,0.000,0.700,0.000,0.000,0.200,0.000,0.000
7/2012,6.800,0.000,0.000,0.000,0.000,0.000,0.000,0.500,,3.300,0.300,0.000,0.000,1.300,1.700,0.400,0.000,0.000,0.000,0.000,0.000,0.000
8/2012,0.200,9.700,1.300,2.900,13.300,0.000,5.800,0.600,,1.000,1.600,3.300,4.200,1.500,8.300,3.400,3.200,1.400,0.000,5.600,4.700,1.100
9/2012,18.700,0.400,6.600,3.200,1.200,11.900,35.200,18.900,,0.000,11.500,13.200,12.400,5.400,2.900,0.900,4.900,11.600,14.600,9.800,8.700,19.600
10/2012,22.200,37.500,47.500,16.000,11.000,22.600,59.600,16.800,,29.600,21.400,29.000,7.500,17.700,23.400,7.600,55.700,12.100,14.400,7.600,19.500,27.800
11/2012,69.600,34.800,34.600,46.500,36.800,86.900,37.500,77.600,,49.700,27.200,24.500,46.300,33.200,61.500,36.000,61.600,21.000,29.000,69.500,34.300,70.400
12/2012,163.900,149.000,93.600,190.500,178.900,174.600,158.400,119.400,,156.200,136.900,51.600,252.600,241.000,212.200,142.600,179.400,137.100,172.000,157.800,152.900,186.400
1/2013,178.100,149.100,156.200,180.200,158.700,211.300,157.300,135.400,,209.300,147.900,190.400,142.400,166.000,116.400,152.400,160.000,171.400,135.600,153.000,167.700,219.400
2/2013,90.100,133.500,149.500,170.500,23.600,174.400,124.300,141.400,,127.700,216.600,184.000,152.100,210.500,104.300,166.000,149.200,159.600,180.800,175.800,207.700,141.100
3/2013,69.600,104.800,152.000,53.000,158.400,129.900,102.300,41.800,,64.500,31.400,67.200,39.300,110.900,123.700,49.400,63.600,29.000,121.400,100.000,98.000,118.800
4/2013,12.000,24.600,25.800,10.700,12.900,36.300,16.500,23.100,,0.000,13.700,11.000,13.400,12.200,14.300,1.800,6.500,0.000,43.600,14.300,20.000,31.000
5/2013,4.700,30.900,26.300,7.600,7.700,3.600,26.800,20.000,,35.600,19.200,25.300,33.700,33.700,25.100,22.400,9.400,22.500,8.000,22.400,40.900,7.800
6/2013,3.800,9.900,1.600,9.000,5.100,16.000,5.400,14.800,,51.600,7.400,16.300,18.300,40.400,13.900,8.200,11.200,24.200,2.400,12.500,2.900,9.000
7/2013,7.100,3.200,0.300,7.900,9.200,6.700,8.400,0.000,,1.300,12.100,8.300,7.200,9.100,2.200,4.000,8.000,0.000,0.900,1.500,5.900,1.800
8/2013,16.500,11.900,10.600,5.000,11.600,7.400,16.200,17.400,,22.400,12.100,11.800,6.500,10.200,10.700,8.000,14.100,25.100,4.200,4.500,9.100,6.400
9/2013,11.200,12.000,1.500,8.000,12.200,5.300,36.300,10.600,,0.000,2.500,0.000,2.500,2.100,11.700,2.600,0.000,2.100,8.200,11.600,1.800,7.600
10/2013,86.100,45.500,44.600,50.100,58.100,57.300,89.000,78.100,,56.700,89.600,115.200,46.000,73.000,35.600,65.800,36.000,84.400,81.400,32.900,92.100,65.400
11/2013,71.900,34.200,33.900,52.100,33.300,44.600,40.200,56.800,,56.400,44.400,36.600,19.100,59.400,58.400,18.000,72.700,12.500,30.400,61.400,41.000,73.200
12/2013,80.100,136.800,155.100,137.500,166.100,214.700,102.500,103.100,,139.100,155.700,186.300,173.600,165.000,140.100,141.800,210.700,162.800,12.700,117.100,127.500,148.500
1/2014,145.900,115.400,92.200,155.600,170.200,152.000,119.400,102.500,,199.100,139.700,120.400,210.400,278.800,235.500,160.500,181.600,149.600,116.200,147.000,149.500,159.800
2/2014,124.400,98.100,93.300,65.000,85.400,169.100,82.100,67.900,,46.700,174.700,95.300,77.700,103.500,92.400,28.200,65.300,50.300,136.400,107.700,105.000,136.100
3/2014,114.600,64.200,94.100,53.400,105.100,107.300,79.300,61.000,,113.800,63.700,60.600,36.000,67.300,88.500,37.000,108.100,16.800,102.500,60.500,89.100,74.800
4/2014,40.400,20.100,33.900,43.700,37.900,41.400,64.300,18.400,,31.600,32.500,38.100,18.600,40.000,45.800,18.100,83.700,5.700,19.200,40.800,56.000,29.900
5/2014,16.300,1.000,5.300,0.000,0.000,2.400,3.700,3.500,,3.800,15.700,24.000,5.200,5.400,0.000,0.000,3.300,0.000,1.200,0.100,7.300,1.200
6/2014,2.400,0.000,0.000,0.000,0.000,0.000,1.200,0.200,,0.000,0.800,1.000,0.000,0.000,0.000,0.000,0.000,0.000,0.000,0.000,0.000,0.000
7/2014,23.500,6.100,0.900,2.600,1.200,1.100,26.600,4.400,,0.000,14.100,21.700,3.300,2.000,4.700,0.000,7.700,0.000,0.000,0.200,3.600,2.600
8/2014,8.100,24.700,37.500,36.000,28.300,34.200,17.600,0.000,,31.200,12.500,39.700,29.200,39.200,11.300,15.000,11.200,10.200,10.600,28.900,12.100,15.100
9/2014,52.800,73.200,48.300,30.200,80.900,38.300,67.400,36.700,,54.600,61.700,94.700,120.500,69.800,53.500,24.600,30.300,35.800,45.800,66.900,58.000,27.600
10/2014,42.800,43.400,51.200,94.200,53.700,103.900,41.500,38.700,,49.500,45.600,40.100,33.200,44.800,84.100,33.000,78.400,20.100,51.600,45.200,33.400,94.900
11/2014,60.600,61.500,34.900,42.100,19.900,78.900,47.300,21.500,,11.100,8.400,17.900,15.600,47.300,41.000,47.800,46.200,16.600,26.200,29.800,18.200,33.400
12/2014,105.000,143.300,150.900,134.600,95.200,211.500,111.200,85.200,,77.800,116.400,83.000,83.500,87.500,93.000,57.400,127.900,57.100,109.900,90.600,87.200,139.500
